Image,Frequency,Left,Top,Spatial Spread,Duration,Area,Interval
181832_original_S_51_T_6_C_41-22-21_GCaMPTAM_TTX 1UM_NICARD 300NM_CNTRL AREA1 IM_STMap1 copy.jpg,1.0,152.0,53.0,67.0,17.0,705.0,166.0
 ,2.0,341.0,102.0,60.0,11.0,548.0,299.0
 ,3.0,62.0,110.0,101.0,26.0,1338.0,53.0
 ,4.0,302.0,119.0,27.0,11.0,221.0,210.0
 ,5.0,159.0,219.0,18.0,8.0,98.0,42.0
 ,6.0,66.0,283.0,38.0,12.0,320.0,179.0
 ,7.0,326.0,314.0,56.0,12.0,425.0,68.0
 ,8.0,124.0,406.0,70.0,15.0,638.0,212.0
 ,9.0,280.0,424.0,57.0,13.0,523.0,87.0
 ,10.0,65.0,429.0,66.0,13.0,618.0,298.0
 ,11.0,309.0,563.0,112.0,15.0,1097.0,142.0
 ,12.0,171.0,574.0,1.0,1.0,1.0,402.0
 ,13.0,168.0,577.0,8.0,2.0,10.0,401.0
 ,14.0,132.0,598.0,13.0,9.0,79.0,453.0
 ,15.0,72.0,604.0,38.0,12.0,297.0,494.0
 ,16.0,114.0,649.0,45.0,10.0,340.0,490.0
 ,17.0,105.0,662.0,22.0,7.0,111.0,535.0
 ,18.0,158.0,767.0,17.0,10.0,103.0,592.0
 ,19.0,92.0,789.0,43.0,10.0,325.0,654.0
 ,20.0,296.0,842.0,22.0,13.0,215.0,524.0
 ,21.0,69.0,844.0,34.0,11.0,281.0,741.0
 ,22.0,139.0,856.0,21.0,7.0,108.0,696.0
 ,23.0,127.0,870.0,91.0,23.0,939.0,652.0
 ,24.0,299.0,910.0,52.0,13.0,444.0,559.0
181832_original_S_51_T_6_C_41-22-21_GCaMPTAM_TTX 1UM_NICARD 300NM_CNTRL AREA1 IM_STMap3 copy.jpg,1.0,63.0,0.0,79.0,10.0,373.0,142.0
 ,2.0,119.0,94.0,46.0,11.0,396.0,71.0
 ,3.0,0.0,102.0,14.0,7.0,62.0,88.0
 ,4.0,70.0,125.0,81.0,13.0,761.0,26.0
 ,5.0,0.0,227.0,27.0,10.0,212.0,200.0
 ,6.0,130.0,243.0,31.0,9.0,239.0,82.0
 ,7.0,55.0,278.0,34.0,14.0,244.0,189.0
 ,8.0,0.0,309.0,19.0,10.0,155.0,290.0
 ,9.0,153.0,335.0,5.0,1.0,5.0,177.0
 ,10.0,63.0,384.0,112.0,16.0,1140.0,209.0
 ,11.0,0.0,393.0,23.0,10.0,183.0,370.0
 ,12.0,0.0,483.0,21.0,10.0,161.0,462.0
 ,13.0,185.0,522.0,18.0,10.0,118.0,319.0
 ,14.0,73.0,559.0,3.0,1.0,3.0,483.0
 ,15.0,42.0,561.0,154.0,19.0,1576.0,365.0
 ,16.0,164.0,575.0,2.0,1.0,2.0,409.0
 ,17.0,0.0,576.0,17.0,9.0,119.0,559.0
 ,18.0,3.0,662.0,20.0,8.0,131.0,639.0
 ,19.0,110.0,718.0,49.0,11.0,426.0,559.0
 ,20.0,0.0,757.0,16.0,8.0,105.0,741.0
 ,21.0,109.0,810.0,51.0,12.0,479.0,650.0
 ,22.0,77.0,835.0,28.0,11.0,184.0,730.0
 ,23.0,3.0,892.0,4.0,5.0,12.0,885.0
 ,24.0,98.0,933.0,75.0,18.0,828.0,760.0
 ,25.0,142.0,936.0,1.0,1.0,1.0,793.0
 ,26.0,0.0,963.0,9.0,5.0,42.0,954.0
181832_original_S_51_T_6_C_41-22-21_GCaMPTAM_TTX 1UM_NICARD 300NM_SECRETIN500NM_ AREA1 IM_STMap1 copy.jpg,1.0,142.0,69.0,18.0,7.0,106.0,91.0
 ,2.0,61.0,184.0,22.0,9.0,138.0,101.0
 ,3.0,336.0,337.0,34.0,11.0,295.0,33.0
 ,4.0,49.0,343.0,53.0,11.0,448.0,241.0
 ,5.0,190.0,497.0,4.0,3.0,7.0,303.0
 ,6.0,51.0,534.0,46.0,14.0,420.0,437.0
 ,7.0,346.0,553.0,16.0,8.0,93.0,191.0
 ,8.0,98.0,619.0,43.0,10.0,279.0,478.0
 ,9.0,61.0,822.0,21.0,9.0,150.0,740.0
 ,10.0,81.0,865.0,51.0,11.0,395.0,733.0
 ,11.0,306.0,891.0,6.0,2.0,9.0,579.0
 ,12.0,279.0,894.0,91.0,19.0,848.0,524.0
 ,13.0,105.0,896.0,15.0,7.0,75.0,776.0
 ,14.0,103.0,938.0,65.0,12.0,561.0,770.0
181832_original_S_51_T_6_C_41-22-21_GCaMPTAM_TTX 1UM_NICARD 300NM_SECRETIN500NM_ AREA1 IM_STMap3 copy.jpg,1.0,133.0,24.0,18.0,8.0,116.0,127.0
 ,2.0,97.0,39.0,35.0,13.0,272.0,93.0
 ,3.0,123.0,294.0,33.0,9.0,243.0,138.0
 ,4.0,0.0,399.0,14.0,8.0,91.0,385.0
 ,5.0,85.0,557.0,70.0,18.0,603.0,402.0
 ,6.0,85.0,567.0,1.0,1.0,1.0,481.0
 ,7.0,104.0,788.0,53.0,14.0,398.0,631.0
 ,8.0,70.0,816.0,56.0,10.0,453.0,690.0
 ,9.0,109.0,857.0,42.0,10.0,306.0,706.0
 ,10.0,90.0,888.0,17.0,9.0,103.0,781.0
 ,11.0,77.0,929.0,80.0,13.0,743.0,772.0
181832_original_S_51_T_6_C_42-16-21_GCaMPKI_colonSM_TTX1um_ML710uM_CNTRL1A1_STMapCELL1 copy.jpg,1.0,118.0,17.0,7.0,1.0,7.0,108.0
 ,2.0,29.0,18.0,65.0,11.0,509.0,76.0
 ,3.0,102.0,22.0,10.0,3.0,25.0,90.0
 ,4.0,62.0,34.0,1.0,1.0,1.0,29.0
 ,5.0,118.0,36.0,45.0,12.0,306.0,127.0
 ,6.0,31.0,42.0,60.0,13.0,417.0,49.0
 ,7.0,121.0,47.0,20.0,6.0,43.0,94.0
 ,8.0,102.0,51.0,21.0,8.0,134.0,72.0
 ,9.0,96.0,53.0,1.0,1.0,1.0,44.0
 ,10.0,35.0,66.0,25.0,10.0,166.0,6.0
 ,11.0,120.0,66.0,40.0,12.0,301.0,94.0
 ,12.0,28.0,94.0,109.0,21.0,911.0,43.0
 ,13.0,55.0,109.0,15.0,4.0,38.0,39.0
 ,14.0,29.0,133.0,54.0,11.0,376.0,50.0
 ,15.0,86.0,132.0,70.0,21.0,543.0,24.0
 ,16.0,88.0,136.0,2.0,1.0,2.0,46.0
 ,17.0,120.0,149.0,1.0,1.0,1.0,28.0
 ,18.0,25.0,159.0,58.0,12.0,393.0,76.0
 ,19.0,150.0,164.0,7.0,3.0,19.0,7.0
 ,20.0,110.0,167.0,20.0,6.0,64.0,37.0
 ,21.0,81.0,172.0,28.0,11.0,175.0,63.0
 ,22.0,120.0,175.0,11.0,3.0,25.0,44.0
 ,23.0,90.0,191.0,47.0,13.0,413.0,54.0
 ,24.0,27.0,192.0,55.0,10.0,339.0,110.0
 ,25.0,146.0,201.0,5.0,1.0,5.0,50.0
 ,26.0,30.0,218.0,58.0,13.0,401.0,130.0
 ,27.0,26.0,249.0,54.0,14.0,349.0,169.0
 ,28.0,102.0,255.0,23.0,6.0,105.0,130.0
 ,29.0,28.0,271.0,72.0,18.0,619.0,171.0
 ,30.0,90.0,276.0,66.0,15.0,478.0,120.0
 ,31.0,96.0,290.0,1.0,1.0,1.0,193.0
 ,32.0,98.0,290.0,5.0,1.0,5.0,187.0
 ,33.0,104.0,290.0,1.0,1.0,1.0,185.0
 ,34.0,123.0,291.0,5.0,1.0,5.0,163.0
 ,35.0,40.0,304.0,39.0,9.0,249.0,225.0
 ,36.0,118.0,310.0,41.0,12.0,312.0,151.0
 ,37.0,26.0,343.0,55.0,13.0,369.0,262.0
 ,38.0,122.0,360.0,34.0,10.0,220.0,204.0
 ,39.0,31.0,367.0,14.0,5.0,56.0,322.0
 ,40.0,96.0,368.0,29.0,9.0,178.0,243.0
 ,41.0,106.0,378.0,1.0,1.0,1.0,271.0
 ,42.0,41.0,384.0,39.0,10.0,267.0,304.0
 ,43.0,23.0,388.0,18.0,8.0,97.0,347.0
 ,44.0,91.0,393.0,11.0,5.0,40.0,291.0
 ,45.0,115.0,406.0,26.0,10.0,203.0,265.0
 ,46.0,22.0,414.0,46.0,10.0,325.0,346.0
 ,47.0,29.0,440.0,90.0,11.0,647.0,321.0
 ,48.0,149.0,440.0,3.0,2.0,4.0,288.0
 ,49.0,57.0,458.0,1.0,1.0,1.0,400.0
 ,50.0,60.0,460.0,2.0,1.0,2.0,398.0
 ,51.0,17.0,465.0,53.0,10.0,405.0,395.0
 ,52.0,102.0,470.0,25.0,11.0,120.0,343.0
 ,53.0,82.0,479.0,6.0,2.0,7.0,391.0
 ,54.0,35.0,496.0,40.0,10.0,267.0,421.0
 ,55.0,29.0,520.0,14.0,8.0,81.0,477.0
 ,56.0,86.0,525.0,14.0,5.0,54.0,425.0
 ,57.0,44.0,535.0,30.0,10.0,195.0,461.0
 ,58.0,28.0,578.0,60.0,11.0,396.0,490.0
 ,59.0,89.0,580.0,30.0,11.0,206.0,461.0
 ,60.0,29.0,603.0,51.0,9.0,332.0,523.0
 ,61.0,26.0,631.0,50.0,15.0,377.0,555.0
 ,62.0,102.0,656.0,14.0,4.0,49.0,540.0
 ,63.0,22.0,664.0,80.0,12.0,680.0,562.0
 ,64.0,109.0,687.0,42.0,10.0,301.0,536.0
 ,65.0,30.0,707.0,50.0,11.0,354.0,627.0
 ,66.0,25.0,737.0,71.0,11.0,498.0,641.0
 ,67.0,124.0,746.0,7.0,2.0,13.0,615.0
 ,68.0,42.0,770.0,43.0,11.0,330.0,685.0
 ,69.0,123.0,771.0,31.0,9.0,205.0,617.0
 ,70.0,27.0,788.0,53.0,15.0,384.0,708.0
 ,71.0,96.0,807.0,50.0,10.0,378.0,661.0
 ,72.0,26.0,820.0,62.0,14.0,485.0,732.0
 ,73.0,55.0,832.0,1.0,1.0,1.0,776.0
 ,74.0,22.0,843.0,62.0,13.0,414.0,759.0
 ,75.0,125.0,855.0,32.0,9.0,227.0,698.0
 ,76.0,102.0,868.0,16.0,4.0,50.0,750.0
 ,77.0,41.0,877.0,41.0,10.0,309.0,795.0
 ,78.0,31.0,909.0,46.0,12.0,327.0,832.0
 ,79.0,136.0,909.0,17.0,7.0,83.0,756.0
 ,80.0,72.0,925.0,1.0,1.0,1.0,852.0
 ,81.0,73.0,925.0,18.0,7.0,71.0,834.0
 ,82.0,38.0,935.0,39.0,13.0,305.0,858.0
 ,83.0,119.0,946.0,34.0,10.0,192.0,793.0
 ,84.0,26.0,961.0,29.0,8.0,171.0,906.0
 ,85.0,42.0,973.0,46.0,9.0,271.0,885.0
181832_original_S_51_T_6_C_42-16-21_GCaMPKI_colonSM_TTX1um_ML710uM_CNTRL1A2MY_STMapCell1 copy.jpg,1.0,3.0,2.0,27.0,9.0,151.0,28.0
 ,2.0,15.0,23.0,4.0,2.0,7.0,4.0
 ,3.0,5.0,25.0,11.0,5.0,35.0,9.0
 ,4.0,4.0,35.0,27.0,7.0,153.0,4.0
 ,5.0,10.0,43.0,11.0,5.0,35.0,22.0
 ,6.0,23.0,42.0,4.0,1.0,4.0,15.0
 ,7.0,5.0,49.0,34.0,15.0,251.0,10.0
 ,8.0,43.0,55.0,1.0,1.0,1.0,11.0
 ,9.0,45.0,55.0,8.0,1.0,8.0,2.0
 ,10.0,26.0,63.0,1.0,1.0,1.0,36.0
 ,11.0,0.0,66.0,19.0,10.0,113.0,47.0
 ,12.0,9.0,77.0,4.0,1.0,4.0,64.0
 ,13.0,3.0,83.0,13.0,12.0,90.0,67.0
 ,14.0,0.0,102.0,19.0,5.0,66.0,83.0
 ,15.0,2.0,110.0,37.0,12.0,266.0,71.0
 ,16.0,4.0,128.0,24.0,23.0,288.0,100.0
 ,17.0,4.0,153.0,17.0,13.0,158.0,132.0
 ,18.0,5.0,168.0,8.0,2.0,14.0,155.0
 ,19.0,0.0,176.0,26.0,11.0,193.0,150.0
 ,20.0,43.0,176.0,1.0,1.0,1.0,132.0
 ,21.0,40.0,176.0,24.0,12.0,159.0,112.0
 ,22.0,54.0,187.0,1.0,1.0,1.0,132.0
 ,23.0,14.0,192.0,4.0,1.0,4.0,174.0
 ,24.0,15.0,194.0,1.0,1.0,1.0,178.0
 ,25.0,5.0,198.0,23.0,19.0,249.0,170.0
 ,26.0,54.0,218.0,1.0,2.0,2.0,163.0
 ,27.0,57.0,219.0,7.0,1.0,7.0,155.0
 ,28.0,15.0,222.0,2.0,1.0,2.0,205.0
 ,29.0,18.0,222.0,3.0,2.0,4.0,201.0
 ,30.0,56.0,222.0,8.0,5.0,33.0,158.0
 ,31.0,3.0,224.0,19.0,14.0,135.0,202.0
 ,32.0,8.0,236.0,1.0,1.0,1.0,227.0
 ,33.0,7.0,240.0,5.0,1.0,5.0,228.0
 ,34.0,5.0,242.0,20.0,7.0,111.0,217.0
 ,35.0,0.0,255.0,24.0,28.0,376.0,231.0
 ,36.0,47.0,261.0,2.0,1.0,2.0,212.0
 ,37.0,57.0,273.0,7.0,3.0,15.0,209.0
 ,38.0,15.0,285.0,6.0,1.0,6.0,264.0
 ,39.0,0.0,291.0,25.0,17.0,215.0,266.0
 ,40.0,63.0,291.0,1.0,1.0,1.0,227.0
 ,41.0,58.0,292.0,1.0,1.0,1.0,233.0
 ,42.0,16.0,309.0,1.0,1.0,1.0,292.0
 ,43.0,11.0,316.0,7.0,3.0,15.0,298.0
 ,44.0,8.0,322.0,5.0,3.0,9.0,309.0
 ,45.0,51.0,322.0,13.0,7.0,60.0,258.0
 ,46.0,7.0,329.0,16.0,5.0,46.0,306.0
 ,47.0,34.0,328.0,6.0,2.0,7.0,288.0
 ,48.0,51.0,330.0,4.0,1.0,4.0,275.0
 ,49.0,59.0,330.0,5.0,1.0,5.0,266.0
 ,50.0,4.0,342.0,21.0,8.0,79.0,317.0
 ,51.0,0.0,351.0,23.0,19.0,286.0,328.0
 ,52.0,56.0,373.0,8.0,7.0,41.0,309.0
 ,53.0,8.0,381.0,6.0,1.0,6.0,367.0
 ,54.0,60.0,381.0,4.0,1.0,4.0,317.0
 ,55.0,14.0,383.0,1.0,1.0,1.0,368.0
 ,56.0,43.0,383.0,3.0,1.0,3.0,337.0
 ,57.0,6.0,386.0,1.0,1.0,1.0,379.0
 ,58.0,8.0,386.0,4.0,2.0,5.0,374.0
 ,59.0,26.0,391.0,2.0,1.0,2.0,363.0
 ,60.0,34.0,401.0,18.0,6.0,79.0,349.0
 ,61.0,6.0,404.0,8.0,2.0,11.0,390.0
 ,62.0,36.0,409.0,13.0,4.0,40.0,360.0
 ,63.0,0.0,410.0,29.0,11.0,209.0,381.0
 ,64.0,39.0,414.0,5.0,2.0,9.0,370.0
 ,65.0,37.0,417.0,3.0,1.0,3.0,377.0
 ,66.0,61.0,423.0,3.0,2.0,6.0,359.0
 ,67.0,6.0,426.0,1.0,1.0,1.0,419.0
 ,68.0,30.0,426.0,5.0,2.0,8.0,391.0
 ,69.0,32.0,429.0,4.0,3.0,11.0,393.0
 ,70.0,11.0,430.0,11.0,6.0,48.0,408.0
 ,71.0,13.0,458.0,3.0,1.0,3.0,442.0
 ,72.0,42.0,463.0,1.0,1.0,1.0,420.0
 ,73.0,46.0,462.0,2.0,1.0,2.0,414.0
 ,74.0,3.0,466.0,24.0,9.0,137.0,439.0
 ,75.0,51.0,469.0,13.0,7.0,55.0,405.0
 ,76.0,38.0,475.0,3.0,2.0,4.0,434.0
 ,77.0,4.0,482.0,14.0,12.0,93.0,464.0
 ,78.0,38.0,482.0,3.0,1.0,3.0,441.0
 ,79.0,41.0,483.0,6.0,2.0,8.0,436.0
 ,80.0,26.0,484.0,15.0,6.0,56.0,443.0
 ,81.0,18.0,489.0,1.0,1.0,1.0,470.0
 ,82.0,5.0,555.0,28.0,8.0,147.0,522.0
 ,83.0,4.0,583.0,27.0,8.0,156.0,552.0
 ,84.0,3.0,630.0,23.0,10.0,143.0,604.0
 ,85.0,56.0,630.0,8.0,7.0,36.0,566.0
 ,86.0,60.0,702.0,4.0,2.0,7.0,638.0
 ,87.0,2.0,712.0,46.0,11.0,285.0,664.0
 ,88.0,34.0,726.0,1.0,1.0,1.0,691.0
 ,89.0,3.0,738.0,30.0,9.0,167.0,705.0
 ,90.0,2.0,757.0,25.0,13.0,200.0,730.0
 ,91.0,62.0,771.0,2.0,1.0,2.0,707.0
 ,92.0,11.0,776.0,4.0,2.0,7.0,761.0
 ,93.0,44.0,777.0,3.0,1.0,3.0,730.0
 ,94.0,33.0,782.0,4.0,1.0,4.0,745.0
 ,95.0,6.0,784.0,1.0,1.0,1.0,777.0
 ,96.0,37.0,784.0,7.0,3.0,15.0,740.0
 ,97.0,2.0,789.0,24.0,11.0,156.0,763.0
 ,98.0,26.0,793.0,24.0,6.0,78.0,743.0
 ,99.0,13.0,803.0,3.0,1.0,3.0,787.0
 ,100.0,16.0,810.0,1.0,1.0,1.0,793.0
 ,101.0,6.0,814.0,1.0,1.0,1.0,807.0
 ,102.0,0.0,820.0,23.0,9.0,131.0,797.0
 ,103.0,22.0,825.0,1.0,1.0,1.0,802.0
 ,104.0,7.0,839.0,22.0,11.0,110.0,810.0
 ,105.0,25.0,849.0,6.0,2.0,8.0,818.0
 ,106.0,7.0,860.0,13.0,5.0,41.0,840.0
 ,107.0,2.0,879.0,13.0,3.0,34.0,864.0
 ,108.0,10.0,885.0,2.0,1.0,2.0,873.0
 ,109.0,4.0,890.0,15.0,5.0,41.0,871.0
 ,110.0,49.0,912.0,11.0,2.0,14.0,852.0
 ,111.0,62.0,913.0,2.0,2.0,4.0,849.0
 ,112.0,52.0,914.0,1.0,1.0,1.0,861.0
 ,113.0,32.0,918.0,8.0,1.0,8.0,878.0
 ,114.0,4.0,955.0,37.0,17.0,271.0,914.0
 ,115.0,45.0,956.0,1.0,1.0,1.0,910.0
 ,116.0,63.0,965.0,1.0,1.0,1.0,901.0
 ,117.0,54.0,967.0,10.0,9.0,49.0,903.0
 ,118.0,56.0,975.0,4.0,1.0,4.0,915.0
181832_original_S_51_T_6_C_42-16-21_GCaMPKI_colonSM_TTX1um_ML710uM_GLP2_6minA1_STMapCELL1 copy.jpg,1.0,88.0,0.0,5.0,1.0,5.0,93.0
 ,2.0,94.0,0.0,4.0,1.0,4.0,98.0
 ,3.0,100.0,0.0,1.0,1.0,1.0,101.0
 ,4.0,102.0,0.0,6.0,1.0,6.0,108.0
 ,5.0,110.0,0.0,5.0,3.0,13.0,115.0
 ,6.0,120.0,0.0,46.0,47.0,839.0,166.0
 ,7.0,85.0,2.0,23.0,11.0,156.0,106.0
 ,8.0,107.0,2.0,1.0,1.0,1.0,106.0
 ,9.0,119.0,6.0,2.0,2.0,3.0,115.0
 ,10.0,124.0,6.0,11.0,2.0,21.0,129.0
 ,11.0,159.0,13.0,5.0,2.0,6.0,151.0
 ,12.0,90.0,17.0,12.0,3.0,27.0,85.0
 ,13.0,137.0,19.0,5.0,2.0,9.0,123.0
 ,14.0,83.0,22.0,22.0,7.0,102.0,83.0
 ,15.0,137.0,22.0,9.0,2.0,14.0,124.0
 ,16.0,78.0,26.0,3.0,1.0,3.0,55.0
 ,17.0,53.0,31.0,92.0,17.0,618.0,114.0
 ,18.0,94.0,30.0,9.0,3.0,16.0,73.0
 ,19.0,118.0,34.0,1.0,1.0,1.0,85.0
 ,20.0,120.0,34.0,2.0,1.0,2.0,88.0
 ,21.0,66.0,41.0,4.0,2.0,7.0,29.0
 ,22.0,79.0,46.0,87.0,279.0,9593.0,120.0
 ,23.0,114.0,48.0,1.0,1.0,1.0,67.0
 ,24.0,78.0,50.0,13.0,2.0,16.0,41.0
 ,25.0,56.0,62.0,8.0,2.0,15.0,2.0
 ,26.0,125.0,73.0,9.0,7.0,33.0,61.0
 ,27.0,106.0,81.0,1.0,1.0,1.0,26.0
 ,28.0,72.0,83.0,7.0,5.0,19.0,4.0
 ,29.0,117.0,89.0,19.0,6.0,51.0,47.0
 ,30.0,82.0,91.0,1.0,1.0,1.0,8.0
 ,31.0,144.0,92.0,3.0,2.0,5.0,55.0
 ,32.0,121.0,114.0,1.0,1.0,1.0,8.0
 ,33.0,61.0,116.0,3.0,1.0,3.0,52.0
 ,34.0,66.0,117.0,1.0,1.0,1.0,50.0
 ,35.0,61.0,119.0,1.0,1.0,1.0,57.0
 ,36.0,68.0,118.0,1.0,1.0,1.0,49.0
 ,37.0,133.0,118.0,5.0,2.0,7.0,20.0
 ,38.0,146.0,120.0,6.0,2.0,9.0,32.0
 ,39.0,85.0,125.0,59.0,18.0,359.0,19.0
 ,40.0,72.0,145.0,2.0,1.0,2.0,71.0
 ,41.0,75.0,145.0,2.0,1.0,2.0,68.0
 ,42.0,133.0,148.0,1.0,2.0,2.0,14.0
 ,43.0,84.0,150.0,6.0,1.0,6.0,60.0
 ,44.0,58.0,159.0,18.0,7.0,87.0,83.0
 ,45.0,71.0,169.0,1.0,1.0,1.0,97.0
 ,46.0,81.0,172.0,37.0,72.0,1022.0,54.0
 ,47.0,110.0,187.0,1.0,1.0,1.0,76.0
 ,48.0,112.0,187.0,3.0,1.0,3.0,72.0
 ,49.0,114.0,195.0,1.0,1.0,1.0,80.0
 ,50.0,135.0,202.0,1.0,1.0,1.0,66.0
 ,51.0,87.0,233.0,3.0,2.0,4.0,143.0
 ,52.0,80.0,234.0,4.0,3.0,11.0,150.0
 ,53.0,84.0,244.0,7.0,2.0,8.0,153.0
 ,54.0,94.0,244.0,5.0,1.0,5.0,145.0
 ,55.0,79.0,250.0,6.0,2.0,10.0,165.0
 ,56.0,132.0,255.0,1.0,1.0,1.0,122.0
 ,57.0,135.0,255.0,1.0,1.0,1.0,119.0
 ,58.0,113.0,262.0,3.0,2.0,4.0,146.0
 ,59.0,120.0,263.0,4.0,2.0,5.0,139.0
 ,60.0,84.0,264.0,17.0,4.0,39.0,163.0
 ,61.0,114.0,265.0,1.0,1.0,1.0,150.0
 ,62.0,123.0,265.0,1.0,1.0,1.0,141.0
 ,63.0,65.0,266.0,7.0,2.0,11.0,194.0
 ,64.0,67.0,281.0,1.0,1.0,1.0,213.0
 ,65.0,71.0,284.0,5.0,2.0,7.0,208.0
 ,66.0,123.0,289.0,3.0,2.0,5.0,163.0
 ,67.0,91.0,291.0,2.0,1.0,2.0,198.0
 ,68.0,79.0,304.0,87.0,138.0,3173.0,138.0
 ,69.0,131.0,306.0,4.0,1.0,4.0,171.0
 ,70.0,120.0,323.0,20.0,8.0,96.0,183.0
 ,71.0,102.0,330.0,6.0,2.0,9.0,222.0
 ,72.0,88.0,334.0,27.0,15.0,175.0,219.0
 ,73.0,83.0,336.0,1.0,1.0,1.0,252.0
 ,74.0,67.0,341.0,2.0,1.0,2.0,272.0
 ,75.0,131.0,341.0,1.0,2.0,2.0,209.0
 ,76.0,77.0,342.0,8.0,4.0,21.0,257.0
 ,77.0,144.0,343.0,6.0,3.0,13.0,193.0
 ,78.0,106.0,348.0,1.0,1.0,1.0,241.0
 ,79.0,137.0,348.0,3.0,3.0,6.0,208.0
 ,80.0,57.0,369.0,5.0,1.0,5.0,307.0
 ,81.0,63.0,369.0,1.0,1.0,1.0,305.0
 ,82.0,72.0,370.0,6.0,2.0,7.0,292.0
 ,83.0,157.0,372.0,9.0,9.0,59.0,206.0
 ,84.0,79.0,376.0,1.0,1.0,1.0,296.0
 ,85.0,150.0,376.0,1.0,1.0,1.0,225.0
 ,86.0,74.0,378.0,7.0,3.0,19.0,297.0
 ,87.0,120.0,381.0,19.0,12.0,108.0,242.0
 ,88.0,146.0,381.0,2.0,2.0,3.0,233.0
 ,89.0,117.0,382.0,49.0,58.0,1511.0,216.0
 ,90.0,63.0,387.0,1.0,2.0,2.0,323.0
 ,91.0,67.0,402.0,3.0,4.0,6.0,332.0
 ,92.0,71.0,402.0,5.0,2.0,8.0,326.0
 ,93.0,113.0,405.0,1.0,1.0,1.0,291.0
 ,94.0,115.0,405.0,1.0,1.0,1.0,289.0
 ,95.0,83.0,408.0,2.0,1.0,2.0,323.0
 ,96.0,81.0,420.0,2.0,1.0,2.0,337.0
 ,97.0,96.0,441.0,1.0,1.0,1.0,344.0
 ,98.0,121.0,440.0,45.0,34.0,833.0,274.0
 ,99.0,76.0,443.0,24.0,9.0,88.0,343.0
 ,100.0,83.0,443.0,45.0,80.0,1234.0,315.0
 ,101.0,91.0,452.0,1.0,1.0,1.0,360.0
 ,102.0,125.0,452.0,26.0,5.0,77.0,301.0
 ,103.0,133.0,457.0,1.0,1.0,1.0,323.0
 ,104.0,127.0,459.0,7.0,1.0,7.0,325.0
 ,105.0,80.0,461.0,1.0,1.0,1.0,380.0
 ,106.0,73.0,465.0,9.0,5.0,22.0,383.0
 ,107.0,71.0,469.0,1.0,1.0,1.0,397.0
 ,108.0,55.0,470.0,9.0,2.0,15.0,406.0
 ,109.0,124.0,473.0,7.0,4.0,25.0,342.0
 ,110.0,129.0,474.0,37.0,24.0,381.0,308.0
 ,111.0,68.0,476.0,3.0,1.0,3.0,405.0
 ,112.0,137.0,483.0,9.0,2.0,13.0,337.0
 ,113.0,114.0,493.0,1.0,1.0,1.0,378.0
 ,114.0,77.0,494.0,89.0,240.0,8472.0,328.0
 ,115.0,76.0,498.0,3.0,1.0,3.0,419.0
 ,116.0,73.0,501.0,10.0,8.0,51.0,418.0
 ,117.0,119.0,500.0,13.0,4.0,31.0,368.0
 ,118.0,141.0,510.0,4.0,1.0,4.0,365.0
 ,119.0,78.0,520.0,5.0,1.0,5.0,437.0
 ,120.0,73.0,525.0,47.0,22.0,544.0,405.0
 ,121.0,79.0,533.0,3.0,1.0,3.0,451.0
 ,122.0,127.0,542.0,13.0,6.0,45.0,402.0
 ,123.0,96.0,544.0,2.0,1.0,2.0,446.0
 ,124.0,127.0,550.0,3.0,1.0,3.0,420.0
 ,125.0,142.0,551.0,4.0,2.0,7.0,405.0
 ,126.0,147.0,551.0,1.0,1.0,1.0,403.0
 ,127.0,125.0,552.0,7.0,2.0,10.0,420.0
 ,128.0,85.0,554.0,4.0,1.0,4.0,465.0
 ,129.0,123.0,556.0,11.0,4.0,32.0,422.0
 ,130.0,62.0,571.0,2.0,1.0,2.0,507.0
 ,131.0,63.0,573.0,2.0,1.0,2.0,508.0
 ,132.0,66.0,573.0,2.0,1.0,2.0,505.0
 ,133.0,98.0,575.0,1.0,1.0,1.0,476.0
 ,134.0,148.0,576.0,1.0,1.0,1.0,427.0
 ,135.0,155.0,576.0,1.0,1.0,1.0,420.0
 ,136.0,124.0,581.0,6.0,1.0,6.0,451.0
 ,137.0,135.0,581.0,5.0,2.0,7.0,441.0
 ,138.0,127.0,584.0,17.0,5.0,53.0,440.0
 ,139.0,149.0,586.0,1.0,1.0,1.0,436.0
 ,140.0,91.0,593.0,2.0,1.0,2.0,500.0
 ,141.0,145.0,595.0,1.0,1.0,1.0,449.0
 ,142.0,83.0,599.0,6.0,2.0,7.0,510.0
 ,143.0,151.0,601.0,1.0,1.0,1.0,449.0
 ,144.0,91.0,606.0,2.0,1.0,2.0,513.0
 ,145.0,128.0,616.0,1.0,1.0,1.0,487.0
 ,146.0,143.0,621.0,1.0,1.0,1.0,477.0
 ,147.0,128.0,622.0,6.0,1.0,6.0,488.0
 ,148.0,69.0,624.0,5.0,1.0,5.0,550.0
 ,149.0,117.0,625.0,1.0,1.0,1.0,507.0
 ,150.0,120.0,625.0,1.0,1.0,1.0,504.0
 ,151.0,117.0,627.0,1.0,1.0,1.0,509.0
 ,152.0,140.0,644.0,1.0,1.0,1.0,503.0
 ,153.0,128.0,653.0,7.0,2.0,11.0,518.0
 ,154.0,131.0,657.0,2.0,1.0,2.0,524.0
 ,155.0,146.0,660.0,1.0,1.0,1.0,513.0
 ,156.0,148.0,660.0,1.0,1.0,1.0,511.0
 ,157.0,79.0,669.0,1.0,1.0,1.0,589.0
 ,158.0,126.0,682.0,1.0,1.0,1.0,555.0
 ,159.0,123.0,684.0,1.0,1.0,1.0,560.0
 ,160.0,124.0,687.0,9.0,4.0,17.0,554.0
 ,161.0,129.0,696.0,1.0,1.0,1.0,566.0
 ,162.0,144.0,699.0,4.0,2.0,6.0,551.0
 ,163.0,130.0,707.0,1.0,1.0,1.0,576.0
 ,164.0,84.0,711.0,1.0,1.0,1.0,626.0
 ,165.0,90.0,714.0,25.0,37.0,557.0,599.0
 ,166.0,72.0,725.0,9.0,2.0,11.0,644.0
 ,167.0,78.0,735.0,88.0,196.0,6048.0,569.0
 ,168.0,129.0,736.0,1.0,1.0,1.0,606.0
 ,169.0,136.0,736.0,1.0,1.0,1.0,599.0
 ,170.0,121.0,739.0,17.0,2.0,25.0,601.0
 ,171.0,71.0,743.0,11.0,3.0,19.0,661.0
 ,172.0,126.0,745.0,13.0,7.0,55.0,606.0
 ,173.0,91.0,747.0,3.0,1.0,3.0,653.0
 ,174.0,125.0,758.0,1.0,1.0,1.0,632.0
 ,175.0,127.0,758.0,1.0,1.0,1.0,630.0
 ,176.0,132.0,758.0,2.0,1.0,2.0,624.0
 ,177.0,135.0,758.0,3.0,2.0,4.0,620.0
 ,178.0,72.0,760.0,4.0,2.0,7.0,684.0
 ,179.0,83.0,767.0,1.0,1.0,1.0,683.0
 ,180.0,87.0,770.0,3.0,1.0,3.0,680.0
 ,181.0,93.0,770.0,1.0,1.0,1.0,676.0
 ,182.0,91.0,774.0,6.0,2.0,9.0,677.0
 ,183.0,130.0,784.0,11.0,2.0,12.0,643.0
 ,184.0,142.0,786.0,1.0,1.0,1.0,643.0
 ,185.0,59.0,790.0,1.0,1.0,1.0,730.0
 ,186.0,61.0,790.0,1.0,1.0,1.0,728.0
 ,187.0,75.0,790.0,7.0,2.0,11.0,708.0
 ,188.0,121.0,803.0,5.0,4.0,13.0,677.0
 ,189.0,127.0,802.0,6.0,3.0,12.0,669.0
 ,190.0,115.0,807.0,1.0,1.0,1.0,691.0
 ,191.0,117.0,807.0,1.0,1.0,1.0,689.0
 ,192.0,133.0,814.0,4.0,1.0,4.0,677.0
 ,193.0,146.0,818.0,1.0,1.0,1.0,671.0
 ,194.0,85.0,821.0,4.0,1.0,4.0,732.0
 ,195.0,85.0,826.0,2.0,3.0,5.0,739.0
 ,196.0,73.0,828.0,2.0,1.0,2.0,753.0
 ,197.0,83.0,828.0,1.0,1.0,1.0,744.0
 ,198.0,125.0,833.0,1.0,1.0,1.0,707.0
 ,199.0,127.0,833.0,1.0,1.0,1.0,705.0
 ,200.0,126.0,832.0,15.0,16.0,132.0,691.0
 ,201.0,89.0,842.0,12.0,3.0,17.0,741.0
 ,202.0,85.0,853.0,1.0,1.0,1.0,767.0
 ,203.0,125.0,858.0,1.0,1.0,1.0,732.0
 ,204.0,122.0,861.0,26.0,7.0,74.0,713.0
 ,205.0,75.0,863.0,1.0,1.0,1.0,787.0
 ,206.0,79.0,863.0,2.0,2.0,3.0,782.0
 ,207.0,127.0,867.0,17.0,6.0,46.0,723.0
 ,208.0,102.0,888.0,1.0,1.0,1.0,785.0
 ,209.0,127.0,890.0,1.0,1.0,1.0,762.0
 ,210.0,93.0,896.0,1.0,1.0,1.0,802.0
 ,211.0,98.0,906.0,1.0,1.0,1.0,807.0
 ,212.0,138.0,906.0,28.0,35.0,620.0,740.0
 ,213.0,126.0,908.0,6.0,2.0,9.0,776.0
 ,214.0,123.0,912.0,4.0,1.0,4.0,785.0
 ,215.0,88.0,918.0,1.0,1.0,1.0,829.0
 ,216.0,119.0,918.0,21.0,3.0,32.0,778.0
 ,217.0,131.0,920.0,1.0,1.0,1.0,788.0
 ,218.0,126.0,923.0,4.0,2.0,5.0,793.0
 ,219.0,120.0,927.0,19.0,4.0,49.0,788.0
 ,220.0,106.0,932.0,8.0,3.0,15.0,818.0
 ,221.0,86.0,938.0,5.0,3.0,11.0,847.0
 ,222.0,90.0,938.0,76.0,44.0,1469.0,772.0
 ,223.0,137.0,946.0,2.0,1.0,2.0,807.0
 ,224.0,129.0,949.0,13.0,8.0,43.0,807.0
 ,225.0,145.0,954.0,2.0,1.0,2.0,807.0
 ,226.0,69.0,963.0,13.0,3.0,27.0,881.0
 ,227.0,97.0,972.0,1.0,1.0,1.0,874.0
 ,228.0,118.0,977.0,1.0,1.0,1.0,858.0
 ,229.0,77.0,981.0,11.0,1.0,11.0,893.0
181832_original_S_51_T_6_C_42-8-21_GCaMPKI_Antrum_Cntrl1 Area1_STMap1 copy.jpg,1.0,7.0,0.0,48.0,4.0,135.0,55.0
 ,2.0,140.0,15.0,26.0,12.0,256.0,151.0
 ,3.0,76.0,25.0,60.0,14.0,609.0,111.0
 ,4.0,11.0,34.0,58.0,14.0,572.0,35.0
 ,5.0,17.0,75.0,44.0,14.0,389.0,14.0
 ,6.0,108.0,102.0,14.0,5.0,43.0,20.0
 ,7.0,81.0,107.0,54.0,15.0,504.0,28.0
 ,8.0,137.0,119.0,24.0,8.0,126.0,42.0
 ,9.0,14.0,120.0,68.0,13.0,505.0,38.0
 ,10.0,157.0,127.0,2.0,1.0,2.0,32.0
 ,11.0,160.0,127.0,1.0,1.0,1.0,34.0
 ,12.0,160.0,128.0,6.0,2.0,8.0,38.0
 ,13.0,118.0,154.0,1.0,1.0,1.0,35.0
 ,14.0,4.0,161.0,55.0,14.0,361.0,102.0
 ,15.0,102.0,164.0,5.0,2.0,8.0,57.0
 ,16.0,86.0,168.0,22.0,4.0,49.0,60.0
 ,17.0,154.0,172.0,12.0,7.0,65.0,6.0
 ,18.0,78.0,174.0,14.0,4.0,39.0,82.0
 ,19.0,106.0,176.0,31.0,12.0,280.0,39.0
 ,20.0,91.0,191.0,1.0,1.0,1.0,99.0
 ,21.0,102.0,202.0,37.0,12.0,309.0,63.0
 ,22.0,140.0,210.0,26.0,13.0,242.0,44.0
 ,23.0,50.0,216.0,1.0,1.0,1.0,165.0
 ,24.0,4.0,219.0,58.0,13.0,460.0,157.0
 ,25.0,119.0,223.0,18.0,10.0,129.0,86.0
 ,26.0,6.0,263.0,160.0,16.0,1589.0,97.0
 ,27.0,89.0,288.0,13.0,10.0,93.0,186.0
 ,28.0,102.0,289.0,64.0,18.0,536.0,123.0
 ,29.0,7.0,296.0,60.0,14.0,461.0,229.0
 ,30.0,156.0,317.0,10.0,4.0,30.0,151.0
 ,31.0,161.0,323.0,2.0,1.0,2.0,160.0
 ,32.0,6.0,335.0,65.0,14.0,550.0,264.0
 ,33.0,144.0,342.0,22.0,8.0,130.0,176.0
 ,34.0,56.0,348.0,3.0,1.0,3.0,289.0
 ,35.0,51.0,369.0,6.0,1.0,6.0,312.0
 ,36.0,101.0,369.0,1.0,1.0,1.0,267.0
 ,37.0,10.0,396.0,31.0,11.0,250.0,355.0
 ,38.0,102.0,400.0,3.0,4.0,7.0,295.0
 ,39.0,106.0,401.0,2.0,3.0,4.0,293.0
 ,40.0,109.0,409.0,6.0,2.0,7.0,294.0
 ,41.0,142.0,424.0,24.0,11.0,189.0,258.0
 ,42.0,0.0,439.0,137.0,17.0,1324.0,302.0
 ,43.0,9.0,497.0,53.0,13.0,498.0,435.0
 ,44.0,79.0,514.0,64.0,13.0,591.0,371.0
 ,45.0,145.0,522.0,1.0,1.0,1.0,376.0
 ,46.0,152.0,528.0,14.0,12.0,120.0,362.0
 ,47.0,0.0,535.0,81.0,13.0,670.0,454.0
 ,48.0,78.0,564.0,88.0,24.0,832.0,398.0
 ,49.0,116.0,584.0,1.0,1.0,1.0,467.0
 ,50.0,102.0,588.0,2.0,1.0,2.0,484.0
 ,51.0,105.0,588.0,4.0,1.0,4.0,479.0
 ,52.0,9.0,599.0,52.0,11.0,441.0,538.0
 ,53.0,140.0,615.0,26.0,14.0,287.0,449.0
 ,54.0,0.0,624.0,2.0,1.0,2.0,622.0
 ,55.0,98.0,657.0,37.0,12.0,304.0,522.0
 ,56.0,0.0,668.0,92.0,18.0,773.0,576.0
 ,57.0,0.0,676.0,2.0,2.0,4.0,674.0
 ,58.0,104.0,686.0,3.0,2.0,4.0,579.0
 ,59.0,10.0,703.0,156.0,22.0,1455.0,537.0
 ,60.0,13.0,755.0,40.0,12.0,331.0,702.0
 ,61.0,102.0,756.0,1.0,2.0,2.0,653.0
 ,62.0,149.0,757.0,17.0,9.0,101.0,591.0
 ,63.0,3.0,769.0,136.0,23.0,1409.0,630.0
 ,64.0,1.0,784.0,1.0,1.0,1.0,782.0
 ,65.0,75.0,788.0,3.0,1.0,3.0,710.0
 ,66.0,73.0,790.0,93.0,17.0,874.0,624.0
 ,67.0,86.0,803.0,2.0,1.0,2.0,715.0
 ,68.0,66.0,805.0,7.0,3.0,16.0,732.0
 ,69.0,10.0,811.0,51.0,12.0,423.0,750.0
 ,70.0,108.0,837.0,58.0,18.0,568.0,671.0
 ,71.0,118.0,858.0,1.0,1.0,1.0,739.0
 ,72.0,10.0,879.0,3.0,1.0,3.0,866.0
 ,73.0,13.0,882.0,53.0,12.0,396.0,816.0
 ,74.0,142.0,904.0,24.0,11.0,227.0,738.0
 ,75.0,11.0,910.0,125.0,21.0,1191.0,774.0
 ,76.0,90.0,930.0,5.0,1.0,5.0,835.0
 ,77.0,8.0,953.0,37.0,9.0,243.0,908.0
 ,78.0,10.0,977.0,54.0,15.0,445.0,913.0
 ,79.0,62.0,991.0,2.0,1.0,2.0,927.0
 ,80.0,102.0,992.0,1.0,1.0,1.0,889.0
 ,81.0,143.0,1003.0,23.0,11.0,201.0,837.0
 ,82.0,102.0,1009.0,32.0,14.0,278.0,875.0
 ,83.0,12.0,1040.0,123.0,23.0,1044.0,905.0
 ,84.0,139.0,1059.0,27.0,10.0,222.0,893.0
 ,85.0,9.0,1069.0,53.0,15.0,351.0,1007.0
 ,86.0,74.0,1114.0,28.0,14.0,253.0,1012.0
 ,87.0,14.0,1122.0,61.0,13.0,512.0,1047.0
 ,88.0,107.0,1124.0,59.0,19.0,555.0,958.0
 ,89.0,99.0,1127.0,1.0,1.0,1.0,1027.0
 ,90.0,74.0,1128.0,1.0,1.0,1.0,1053.0
 ,91.0,0.0,1171.0,166.0,21.0,1545.0,1005.0
 ,92.0,0.0,1197.0,68.0,12.0,533.0,1129.0
 ,93.0,145.0,1206.0,21.0,16.0,243.0,1040.0
 ,94.0,76.0,1223.0,9.0,9.0,49.0,1138.0
 ,95.0,95.0,1228.0,10.0,4.0,32.0,1123.0
 ,96.0,11.0,1234.0,74.0,14.0,661.0,1149.0
 ,97.0,96.0,1234.0,41.0,14.0,344.0,1097.0
 ,98.0,51.0,1276.0,3.0,2.0,5.0,1222.0
 ,99.0,58.0,1276.0,1.0,1.0,1.0,1217.0
 ,100.0,63.0,1276.0,1.0,1.0,1.0,1212.0
 ,101.0,2.0,1281.0,77.0,13.0,680.0,1202.0
 ,102.0,79.0,1293.0,87.0,16.0,750.0,1127.0
 ,103.0,0.0,1328.0,49.0,12.0,387.0,1279.0
 ,104.0,0.0,1334.0,3.0,3.0,7.0,1331.0
 ,105.0,102.0,1336.0,2.0,2.0,3.0,1232.0
 ,106.0,144.0,1352.0,22.0,12.0,210.0,1186.0
 ,107.0,81.0,1368.0,58.0,13.0,507.0,1229.0
 ,108.0,0.0,1385.0,72.0,12.0,589.0,1313.0
 ,109.0,102.0,1386.0,8.0,4.0,23.0,1276.0
 ,110.0,92.0,1389.0,7.0,1.0,7.0,1290.0
 ,111.0,115.0,1403.0,2.0,1.0,2.0,1286.0
 ,112.0,140.0,1473.0,26.0,10.0,213.0,1307.0
 ,113.0,14.0,1476.0,58.0,12.0,437.0,1404.0
 ,114.0,106.0,1482.0,5.0,2.0,7.0,1371.0
 ,115.0,69.0,1486.0,70.0,12.0,600.0,1347.0
 ,116.0,11.0,1496.0,44.0,12.0,374.0,1441.0
 ,117.0,93.0,1499.0,3.0,1.0,3.0,1403.0
 ,118.0,93.0,1528.0,38.0,13.0,333.0,1397.0
 ,119.0,112.0,1544.0,3.0,3.0,6.0,1429.0
 ,120.0,12.0,1562.0,51.0,10.0,384.0,1499.0
 ,121.0,0.0,1599.0,142.0,22.0,1305.0,1457.0
 ,122.0,140.0,1606.0,26.0,11.0,226.0,1440.0
 ,123.0,102.0,1611.0,1.0,1.0,1.0,1508.0
 ,124.0,106.0,1614.0,8.0,2.0,15.0,1500.0
 ,125.0,2.0,1620.0,7.0,2.0,9.0,1611.0
 ,126.0,116.0,1632.0,6.0,2.0,11.0,1510.0
 ,127.0,91.0,1636.0,47.0,15.0,393.0,1498.0
 ,128.0,141.0,1660.0,25.0,14.0,233.0,1494.0
 ,129.0,25.0,1671.0,30.0,12.0,254.0,1616.0
 ,130.0,0.0,1683.0,2.0,2.0,3.0,1681.0
 ,131.0,4.0,1682.0,34.0,10.0,230.0,1644.0
 ,132.0,101.0,1683.0,14.0,2.0,23.0,1568.0
 ,133.0,80.0,1688.0,59.0,16.0,566.0,1549.0
 ,134.0,0.0,1729.0,2.0,1.0,2.0,1727.0
 ,135.0,4.0,1728.0,60.0,12.0,473.0,1664.0
 ,136.0,70.0,1736.0,96.0,18.0,981.0,1570.0
 ,137.0,45.0,1746.0,4.0,1.0,4.0,1697.0
 ,138.0,158.0,1760.0,4.0,2.0,4.0,1598.0
 ,139.0,145.0,1802.0,21.0,10.0,166.0,1636.0
 ,140.0,8.0,1804.0,125.0,19.0,1188.0,1671.0
 ,141.0,102.0,1843.0,1.0,2.0,2.0,1740.0
 ,142.0,102.0,1848.0,4.0,1.0,4.0,1742.0
 ,143.0,12.0,1857.0,63.0,14.0,582.0,1782.0
 ,144.0,74.0,1867.0,92.0,24.0,861.0,1701.0
 ,145.0,110.0,1882.0,1.0,1.0,1.0,1771.0
 ,146.0,16.0,1899.0,47.0,14.0,378.0,1836.0
181832_original_S_51_T_6_C_42-8-21_GCaMPKI_Antrum_Cntrl1 Area1_STMap3 copy.jpg,1.0,24.0,0.0,7.0,3.0,10.0,31.0
 ,2.0,102.0,2.0,8.0,3.0,17.0,108.0
 ,3.0,147.0,2.0,9.0,2.0,10.0,154.0
 ,4.0,51.0,10.0,9.0,4.0,25.0,50.0
 ,5.0,102.0,11.0,1.0,1.0,1.0,92.0
 ,6.0,14.0,12.0,1.0,2.0,2.0,3.0
 ,7.0,16.0,13.0,1.0,1.0,1.0,4.0
 ,8.0,102.0,13.0,1.0,1.0,1.0,90.0
 ,9.0,19.0,19.0,3.0,2.0,4.0,3.0
 ,10.0,102.0,21.0,2.0,1.0,2.0,83.0
 ,11.0,42.0,40.0,27.0,12.0,178.0,29.0
 ,12.0,81.0,49.0,3.0,2.0,5.0,35.0
 ,13.0,85.0,49.0,1.0,1.0,1.0,37.0
 ,14.0,87.0,49.0,1.0,1.0,1.0,39.0
 ,15.0,83.0,52.0,3.0,2.0,5.0,34.0
 ,16.0,150.0,56.0,7.0,1.0,7.0,101.0
 ,17.0,22.0,61.0,5.0,3.0,13.0,34.0
 ,18.0,99.0,69.0,2.0,2.0,3.0,32.0
 ,19.0,53.0,85.0,11.0,8.0,38.0,21.0
 ,20.0,102.0,98.0,2.0,1.0,2.0,6.0
 ,21.0,51.0,110.0,1.0,1.0,1.0,58.0
 ,22.0,53.0,110.0,2.0,2.0,4.0,55.0
 ,23.0,39.0,114.0,20.0,8.0,84.0,55.0
 ,24.0,96.0,114.0,6.0,1.0,6.0,12.0
 ,25.0,124.0,115.0,41.0,10.0,238.0,50.0
 ,26.0,160.0,118.0,2.0,1.0,2.0,44.0
 ,27.0,128.0,123.0,1.0,2.0,2.0,6.0
 ,28.0,102.0,127.0,1.0,1.0,1.0,24.0
 ,29.0,122.0,127.0,1.0,1.0,1.0,4.0
 ,30.0,102.0,130.0,2.0,1.0,2.0,26.0
 ,31.0,71.0,137.0,1.0,1.0,1.0,65.0
 ,32.0,73.0,136.0,5.0,3.0,7.0,58.0
 ,33.0,156.0,143.0,10.0,9.0,73.0,23.0
 ,34.0,18.0,144.0,13.0,4.0,41.0,113.0
 ,35.0,41.0,145.0,35.0,12.0,261.0,69.0
 ,36.0,50.0,151.0,116.0,25.0,1215.0,15.0
 ,37.0,3.0,155.0,37.0,12.0,300.0,115.0
 ,38.0,54.0,158.0,1.0,1.0,1.0,103.0
 ,39.0,47.0,161.0,3.0,2.0,3.0,111.0
 ,40.0,18.0,173.0,2.0,2.0,3.0,153.0
 ,41.0,96.0,173.0,70.0,14.0,694.0,7.0
 ,42.0,9.0,183.0,25.0,12.0,178.0,149.0
 ,43.0,43.0,191.0,19.0,8.0,101.0,129.0
 ,44.0,94.0,192.0,5.0,2.0,8.0,93.0
 ,45.0,94.0,195.0,4.0,1.0,4.0,97.0
 ,46.0,10.0,196.0,6.0,1.0,6.0,180.0
 ,47.0,17.0,199.0,4.0,1.0,4.0,178.0
 ,48.0,51.0,201.0,9.0,2.0,13.0,141.0
 ,49.0,61.0,201.0,1.0,1.0,1.0,139.0
 ,50.0,57.0,203.0,11.0,3.0,16.0,135.0
 ,51.0,150.0,203.0,6.0,3.0,8.0,47.0
 ,52.0,94.0,207.0,34.0,10.0,244.0,79.0
 ,53.0,61.0,216.0,3.0,1.0,3.0,152.0
 ,54.0,102.0,218.0,7.0,5.0,20.0,109.0
 ,55.0,102.0,224.0,1.0,1.0,1.0,121.0
 ,56.0,140.0,227.0,26.0,10.0,103.0,61.0
 ,57.0,18.0,231.0,7.0,5.0,19.0,206.0
 ,58.0,68.0,232.0,30.0,14.0,194.0,134.0
 ,59.0,82.0,234.0,1.0,1.0,1.0,151.0
 ,60.0,47.0,246.0,19.0,12.0,131.0,180.0
 ,61.0,109.0,255.0,57.0,16.0,608.0,89.0
 ,62.0,54.0,257.0,3.0,2.0,3.0,200.0
 ,63.0,60.0,260.0,1.0,1.0,1.0,199.0
 ,64.0,51.0,262.0,2.0,1.0,2.0,209.0
 ,65.0,40.0,266.0,24.0,12.0,159.0,202.0
 ,66.0,102.0,269.0,3.0,2.0,4.0,164.0
 ,67.0,24.0,277.0,5.0,1.0,5.0,248.0
 ,68.0,51.0,284.0,1.0,1.0,1.0,232.0
 ,69.0,54.0,284.0,1.0,1.0,1.0,229.0
 ,70.0,10.0,287.0,28.0,11.0,201.0,249.0
 ,71.0,56.0,286.0,6.0,5.0,17.0,224.0
 ,72.0,102.0,287.0,64.0,13.0,612.0,121.0
 ,73.0,36.0,299.0,75.0,15.0,658.0,188.0
 ,74.0,41.0,302.0,4.0,1.0,4.0,257.0
 ,75.0,55.0,311.0,4.0,2.0,5.0,252.0
 ,76.0,53.0,332.0,6.0,2.0,11.0,273.0
 ,77.0,46.0,335.0,21.0,10.0,115.0,268.0
 ,78.0,51.0,347.0,1.0,1.0,1.0,295.0
 ,79.0,44.0,348.0,4.0,3.0,6.0,300.0
 ,80.0,46.0,350.0,11.0,6.0,46.0,293.0
 ,81.0,55.0,358.0,4.0,2.0,7.0,299.0
 ,82.0,55.0,361.0,2.0,1.0,2.0,304.0
 ,83.0,64.0,367.0,6.0,1.0,6.0,297.0
 ,84.0,147.0,369.0,7.0,1.0,7.0,215.0
 ,85.0,58.0,380.0,1.0,1.0,1.0,321.0
 ,86.0,15.0,382.0,20.0,9.0,92.0,347.0
 ,87.0,50.0,382.0,16.0,13.0,134.0,316.0
 ,88.0,126.0,384.0,40.0,17.0,395.0,218.0
 ,89.0,69.0,390.0,1.0,2.0,2.0,320.0
 ,90.0,27.0,393.0,4.0,2.0,6.0,362.0
 ,91.0,102.0,392.0,4.0,3.0,7.0,286.0
 ,92.0,50.0,395.0,1.0,1.0,1.0,344.0
 ,93.0,27.0,396.0,2.0,1.0,2.0,367.0
 ,94.0,30.0,396.0,1.0,1.0,1.0,365.0
 ,95.0,54.0,403.0,3.0,1.0,3.0,346.0
 ,96.0,95.0,404.0,11.0,3.0,20.0,298.0
 ,97.0,45.0,411.0,7.0,2.0,12.0,359.0
 ,98.0,47.0,418.0,6.0,3.0,13.0,365.0
 ,99.0,47.0,423.0,26.0,10.0,148.0,350.0
 ,100.0,21.0,429.0,8.0,5.0,33.0,400.0
 ,101.0,60.0,434.0,4.0,1.0,4.0,370.0
 ,102.0,17.0,448.0,11.0,5.0,43.0,420.0
 ,103.0,54.0,453.0,1.0,1.0,1.0,398.0
 ,104.0,18.0,454.0,10.0,5.0,41.0,426.0
 ,105.0,48.0,455.0,1.0,1.0,1.0,406.0
 ,106.0,45.0,457.0,22.0,10.0,130.0,390.0
 ,107.0,29.0,462.0,2.0,2.0,3.0,431.0
 ,108.0,56.0,468.0,7.0,2.0,13.0,405.0
 ,109.0,56.0,471.0,2.0,1.0,2.0,413.0
 ,110.0,144.0,471.0,3.0,1.0,3.0,324.0
 ,111.0,20.0,475.0,11.0,8.0,71.0,444.0
 ,112.0,102.0,475.0,1.0,1.0,1.0,372.0
 ,113.0,27.0,488.0,3.0,1.0,3.0,458.0
 ,114.0,13.0,493.0,28.0,14.0,237.0,452.0
 ,115.0,55.0,505.0,4.0,2.0,5.0,446.0
 ,116.0,69.0,506.0,5.0,2.0,9.0,432.0
 ,117.0,152.0,507.0,3.0,1.0,3.0,352.0
 ,118.0,67.0,508.0,2.0,1.0,2.0,439.0
 ,119.0,51.0,510.0,13.0,6.0,49.0,446.0
 ,120.0,27.0,520.0,9.0,3.0,21.0,484.0
 ,121.0,38.0,521.0,1.0,1.0,1.0,482.0
 ,122.0,40.0,521.0,1.0,1.0,1.0,480.0
 ,123.0,114.0,522.0,1.0,1.0,1.0,407.0
 ,124.0,91.0,527.0,75.0,14.0,761.0,361.0
 ,125.0,44.0,539.0,4.0,1.0,4.0,491.0
 ,126.0,22.0,541.0,3.0,1.0,3.0,516.0
 ,127.0,26.0,541.0,4.0,1.0,4.0,511.0
 ,128.0,40.0,541.0,39.0,13.0,227.0,462.0
 ,129.0,95.0,541.0,17.0,12.0,101.0,429.0
 ,130.0,108.0,541.0,7.0,1.0,7.0,426.0
 ,131.0,99.0,542.0,2.0,1.0,2.0,441.0
 ,132.0,38.0,546.0,3.0,2.0,5.0,505.0
 ,133.0,23.0,548.0,1.0,1.0,1.0,524.0
 ,134.0,74.0,552.0,1.0,1.0,1.0,477.0
 ,135.0,17.0,554.0,14.0,13.0,126.0,523.0
 ,136.0,56.0,565.0,1.0,1.0,1.0,508.0
 ,137.0,102.0,568.0,2.0,5.0,8.0,464.0
 ,138.0,105.0,569.0,5.0,3.0,12.0,459.0
 ,139.0,152.0,570.0,1.0,1.0,1.0,417.0
 ,140.0,154.0,570.0,1.0,1.0,1.0,415.0
 ,141.0,51.0,573.0,6.0,2.0,8.0,516.0
 ,142.0,58.0,575.0,14.0,6.0,49.0,503.0
 ,143.0,51.0,580.0,9.0,8.0,53.0,520.0
 ,144.0,39.0,617.0,4.0,1.0,4.0,574.0
 ,145.0,102.0,616.0,7.0,4.0,20.0,507.0
 ,146.0,21.0,618.0,4.0,2.0,5.0,593.0
 ,147.0,51.0,640.0,1.0,1.0,1.0,588.0
 ,148.0,54.0,640.0,3.0,1.0,3.0,583.0
 ,149.0,47.0,642.0,10.0,7.0,41.0,585.0
 ,150.0,38.0,644.0,1.0,1.0,1.0,605.0
 ,151.0,47.0,663.0,24.0,12.0,193.0,592.0
 ,152.0,16.0,666.0,10.0,3.0,22.0,640.0
 ,153.0,19.0,676.0,4.0,2.0,5.0,653.0
 ,154.0,83.0,688.0,1.0,1.0,1.0,604.0
 ,155.0,50.0,692.0,14.0,10.0,102.0,628.0
 ,156.0,12.0,696.0,22.0,12.0,150.0,662.0
 ,157.0,72.0,704.0,12.0,5.0,41.0,620.0
 ,158.0,58.0,708.0,6.0,2.0,7.0,644.0
 ,159.0,108.0,709.0,58.0,15.0,540.0,543.0
 ,160.0,14.0,710.0,52.0,27.0,666.0,644.0
 ,161.0,81.0,715.0,29.0,12.0,166.0,605.0
 ,162.0,58.0,728.0,3.0,1.0,3.0,667.0
 ,163.0,69.0,728.0,97.0,25.0,849.0,562.0
 ,164.0,51.0,730.0,3.0,1.0,3.0,676.0
 ,165.0,55.0,730.0,2.0,1.0,2.0,673.0
 ,166.0,18.0,732.0,1.0,1.0,1.0,713.0
 ,167.0,48.0,742.0,36.0,8.0,103.0,658.0
 ,168.0,67.0,743.0,1.0,1.0,1.0,675.0
 ,169.0,106.0,742.0,6.0,2.0,7.0,630.0
 ,170.0,87.0,745.0,1.0,1.0,1.0,657.0
 ,171.0,47.0,750.0,2.0,1.0,2.0,701.0
 ,172.0,51.0,752.0,12.0,2.0,22.0,689.0
 ,173.0,15.0,756.0,24.0,12.0,184.0,717.0
 ,174.0,72.0,760.0,8.0,2.0,14.0,680.0
 ,175.0,46.0,763.0,23.0,15.0,205.0,694.0
 ,176.0,76.0,764.0,2.0,2.0,3.0,686.0
 ,177.0,71.0,768.0,1.0,1.0,1.0,696.0
 ,178.0,73.0,768.0,1.0,1.0,1.0,694.0
 ,179.0,23.0,770.0,1.0,1.0,1.0,746.0
 ,180.0,25.0,770.0,2.0,1.0,2.0,743.0
 ,181.0,18.0,774.0,7.0,5.0,30.0,749.0
 ,182.0,48.0,788.0,21.0,11.0,167.0,719.0
 ,183.0,102.0,791.0,1.0,2.0,2.0,688.0
 ,184.0,51.0,798.0,1.0,1.0,1.0,746.0
 ,185.0,20.0,800.0,1.0,1.0,1.0,779.0
 ,186.0,51.0,803.0,20.0,13.0,145.0,732.0
 ,187.0,17.0,813.0,13.0,8.0,40.0,783.0
 ,188.0,51.0,817.0,13.0,8.0,75.0,753.0
 ,189.0,17.0,826.0,17.0,7.0,74.0,792.0
 ,190.0,58.0,826.0,2.0,1.0,2.0,766.0
 ,191.0,138.0,835.0,28.0,11.0,212.0,669.0
 ,192.0,99.0,840.0,3.0,2.0,5.0,738.0
 ,193.0,97.0,846.0,69.0,13.0,506.0,680.0
 ,194.0,45.0,849.0,19.0,7.0,74.0,785.0
 ,195.0,65.0,848.0,2.0,3.0,5.0,781.0
 ,196.0,95.0,849.0,1.0,1.0,1.0,753.0
 ,197.0,73.0,855.0,1.0,1.0,1.0,781.0
 ,198.0,162.0,860.0,4.0,1.0,4.0,694.0
 ,199.0,44.0,862.0,20.0,9.0,117.0,798.0
 ,200.0,13.0,871.0,33.0,11.0,219.0,825.0
 ,201.0,154.0,870.0,1.0,1.0,1.0,715.0
 ,202.0,65.0,872.0,2.0,1.0,2.0,805.0
 ,203.0,104.0,878.0,6.0,2.0,9.0,768.0
 ,204.0,162.0,879.0,1.0,1.0,1.0,716.0
 ,205.0,19.0,883.0,1.0,1.0,1.0,863.0
 ,206.0,55.0,887.0,9.0,3.0,17.0,823.0
 ,207.0,53.0,897.0,12.0,6.0,30.0,832.0
 ,208.0,102.0,904.0,2.0,2.0,3.0,800.0
 ,209.0,21.0,926.0,5.0,3.0,11.0,900.0
 ,210.0,102.0,935.0,8.0,5.0,28.0,825.0
 ,211.0,102.0,939.0,1.0,3.0,3.0,836.0
 ,212.0,51.0,943.0,15.0,5.0,58.0,877.0
 ,213.0,77.0,961.0,3.0,3.0,5.0,881.0
 ,214.0,30.0,971.0,9.0,1.0,9.0,932.0
 ,215.0,23.0,975.0,2.0,1.0,2.0,950.0
 ,216.0,55.0,981.0,1.0,1.0,1.0,925.0
 ,217.0,57.0,981.0,4.0,1.0,4.0,920.0
 ,218.0,63.0,981.0,1.0,1.0,1.0,917.0
 ,219.0,15.0,982.0,25.0,12.0,214.0,942.0
 ,220.0,102.0,983.0,3.0,1.0,3.0,878.0
 ,221.0,51.0,989.0,1.0,2.0,2.0,937.0
 ,222.0,55.0,989.0,1.0,1.0,1.0,933.0
 ,223.0,41.0,992.0,1.0,1.0,1.0,950.0
 ,224.0,50.0,994.0,11.0,3.0,19.0,933.0
 ,225.0,51.0,1001.0,3.0,1.0,3.0,947.0
 ,226.0,55.0,1001.0,1.0,1.0,1.0,945.0
 ,227.0,73.0,1001.0,6.0,4.0,14.0,922.0
 ,228.0,51.0,1003.0,13.0,5.0,29.0,939.0
 ,229.0,56.0,1009.0,5.0,2.0,8.0,948.0
 ,230.0,54.0,1012.0,10.0,13.0,86.0,948.0
 ,231.0,15.0,1019.0,22.0,9.0,138.0,982.0
 ,232.0,51.0,1018.0,1.0,2.0,2.0,966.0
 ,233.0,51.0,1021.0,2.0,5.0,8.0,968.0
 ,234.0,97.0,1026.0,3.0,1.0,3.0,926.0
 ,235.0,51.0,1032.0,1.0,1.0,1.0,980.0
 ,236.0,15.0,1037.0,49.0,11.0,306.0,973.0
 ,237.0,120.0,1046.0,46.0,15.0,469.0,880.0
 ,238.0,44.0,1048.0,4.0,1.0,4.0,1000.0
 ,239.0,51.0,1048.0,2.0,2.0,3.0,995.0
 ,240.0,9.0,1052.0,11.0,4.0,30.0,1032.0
 ,241.0,51.0,1052.0,1.0,1.0,1.0,1000.0
 ,242.0,72.0,1058.0,6.0,2.0,12.0,980.0
 ,243.0,102.0,1058.0,4.0,4.0,11.0,952.0
 ,244.0,116.0,1062.0,38.0,10.0,248.0,908.0
 ,245.0,56.0,1072.0,1.0,1.0,1.0,1015.0
 ,246.0,51.0,1078.0,1.0,2.0,2.0,1026.0
 ,247.0,97.0,1081.0,10.0,3.0,18.0,974.0
 ,248.0,51.0,1083.0,1.0,1.0,1.0,1031.0
 ,249.0,102.0,1096.0,13.0,6.0,42.0,981.0
 ,250.0,45.0,1098.0,20.0,13.0,162.0,1033.0
 ,251.0,149.0,1109.0,2.0,1.0,2.0,958.0
 ,252.0,102.0,1120.0,1.0,1.0,1.0,1017.0
 ,253.0,51.0,1134.0,1.0,1.0,1.0,1082.0
 ,254.0,64.0,1136.0,22.0,9.0,141.0,1050.0
 ,255.0,13.0,1141.0,49.0,12.0,369.0,1079.0
 ,256.0,77.0,1147.0,3.0,1.0,3.0,1067.0
 ,257.0,88.0,1146.0,4.0,1.0,4.0,1054.0
 ,258.0,97.0,1149.0,21.0,8.0,105.0,1031.0
 ,259.0,51.0,1161.0,4.0,2.0,6.0,1106.0
 ,260.0,100.0,1161.0,66.0,16.0,576.0,995.0
 ,261.0,12.0,1164.0,56.0,13.0,496.0,1096.0
 ,262.0,97.0,1164.0,1.0,1.0,1.0,1066.0
 ,263.0,45.0,1166.0,1.0,1.0,1.0,1120.0
 ,264.0,66.0,1177.0,2.0,1.0,2.0,1109.0
 ,265.0,51.0,1178.0,2.0,2.0,3.0,1125.0
 ,266.0,55.0,1179.0,3.0,1.0,3.0,1121.0
 ,267.0,17.0,1186.0,4.0,4.0,9.0,1165.0
 ,268.0,51.0,1191.0,31.0,16.0,338.0,1109.0
 ,269.0,147.0,1191.0,19.0,10.0,154.0,1025.0
 ,270.0,79.0,1207.0,1.0,1.0,1.0,1127.0
 ,271.0,51.0,1208.0,46.0,13.0,274.0,1111.0
 ,272.0,51.0,1215.0,1.0,1.0,1.0,1163.0
 ,273.0,18.0,1216.0,7.0,6.0,24.0,1191.0
 ,274.0,27.0,1221.0,2.0,1.0,2.0,1192.0
 ,275.0,23.0,1224.0,7.0,6.0,26.0,1194.0
 ,276.0,51.0,1224.0,5.0,7.0,19.0,1168.0
 ,277.0,55.0,1224.0,9.0,6.0,32.0,1160.0
 ,278.0,89.0,1225.0,77.0,18.0,707.0,1059.0
 ,279.0,160.0,1227.0,1.0,1.0,1.0,1066.0
 ,280.0,13.0,1243.0,22.0,15.0,213.0,1208.0
 ,281.0,144.0,1247.0,22.0,13.0,216.0,1081.0
 ,282.0,20.0,1261.0,3.0,1.0,3.0,1238.0
 ,283.0,52.0,1262.0,18.0,9.0,87.0,1192.0
 ,284.0,70.0,1266.0,3.0,2.0,5.0,1193.0
 ,285.0,57.0,1275.0,1.0,1.0,1.0,1217.0
 ,286.0,59.0,1275.0,3.0,1.0,3.0,1213.0
 ,287.0,91.0,1277.0,35.0,12.0,276.0,1151.0
 ,288.0,28.0,1279.0,1.0,1.0,1.0,1250.0
 ,289.0,27.0,1278.0,37.0,10.0,212.0,1214.0
 ,290.0,27.0,1281.0,3.0,1.0,3.0,1251.0
 ,291.0,16.0,1296.0,20.0,8.0,102.0,1260.0
 ,292.0,46.0,1301.0,22.0,10.0,123.0,1233.0
 ,293.0,44.0,1308.0,1.0,1.0,1.0,1263.0
 ,294.0,30.0,1327.0,1.0,1.0,1.0,1296.0
 ,295.0,46.0,1326.0,24.0,13.0,176.0,1256.0
 ,296.0,21.0,1335.0,1.0,2.0,2.0,1313.0
 ,297.0,133.0,1335.0,2.0,2.0,3.0,1200.0
 ,298.0,51.0,1337.0,1.0,2.0,2.0,1285.0
 ,299.0,65.0,1337.0,1.0,2.0,2.0,1271.0
 ,300.0,67.0,1338.0,1.0,1.0,1.0,1270.0
 ,301.0,85.0,1338.0,7.0,1.0,7.0,1246.0
 ,302.0,94.0,1338.0,6.0,1.0,6.0,1238.0
 ,303.0,71.0,1341.0,11.0,7.0,54.0,1259.0
 ,304.0,32.0,1346.0,3.0,1.0,3.0,1311.0
 ,305.0,43.0,1349.0,9.0,4.0,27.0,1297.0
 ,306.0,75.0,1349.0,3.0,1.0,3.0,1271.0
 ,307.0,48.0,1354.0,3.0,1.0,3.0,1303.0
 ,308.0,19.0,1356.0,1.0,1.0,1.0,1336.0
 ,309.0,24.0,1357.0,2.0,1.0,2.0,1331.0
 ,310.0,56.0,1360.0,1.0,1.0,1.0,1303.0
 ,311.0,58.0,1360.0,3.0,1.0,3.0,1299.0
 ,312.0,29.0,1379.0,9.0,2.0,12.0,1341.0
 ,313.0,48.0,1379.0,22.0,11.0,168.0,1309.0
 ,314.0,102.0,1384.0,6.0,6.0,18.0,1276.0
 ,315.0,68.0,1389.0,3.0,1.0,3.0,1318.0
 ,316.0,102.0,1389.0,1.0,1.0,1.0,1286.0
 ,317.0,17.0,1390.0,3.0,1.0,3.0,1370.0
 ,318.0,22.0,1391.0,2.0,1.0,2.0,1367.0
 ,319.0,37.0,1393.0,8.0,2.0,11.0,1348.0
 ,320.0,19.0,1394.0,4.0,3.0,10.0,1371.0
 ,321.0,148.0,1396.0,18.0,9.0,122.0,1230.0
 ,322.0,48.0,1405.0,11.0,6.0,35.0,1346.0
 ,323.0,39.0,1408.0,8.0,1.0,8.0,1361.0
 ,324.0,54.0,1410.0,6.0,1.0,6.0,1350.0
 ,325.0,49.0,1410.0,105.0,14.0,936.0,1256.0
 ,326.0,6.0,1419.0,4.0,2.0,6.0,1409.0
 ,327.0,150.0,1418.0,1.0,1.0,1.0,1267.0
 ,328.0,4.0,1420.0,1.0,1.0,1.0,1415.0
 ,329.0,3.0,1422.0,16.0,5.0,61.0,1403.0
 ,330.0,102.0,1425.0,2.0,2.0,4.0,1321.0
 ,331.0,106.0,1426.0,2.0,1.0,2.0,1318.0
 ,332.0,102.0,1428.0,1.0,2.0,2.0,1325.0
 ,333.0,106.0,1429.0,1.0,1.0,1.0,1322.0
 ,334.0,12.0,1433.0,32.0,11.0,216.0,1389.0
 ,335.0,59.0,1443.0,5.0,1.0,5.0,1379.0
 ,336.0,68.0,1443.0,7.0,1.0,7.0,1368.0
 ,337.0,15.0,1445.0,25.0,7.0,120.0,1405.0
 ,338.0,60.0,1445.0,2.0,1.0,2.0,1383.0
 ,339.0,53.0,1447.0,4.0,1.0,4.0,1390.0
 ,340.0,102.0,1447.0,1.0,1.0,1.0,1344.0
 ,341.0,41.0,1448.0,29.0,10.0,144.0,1378.0
 ,342.0,36.0,1451.0,1.0,1.0,1.0,1414.0
 ,343.0,87.0,1458.0,11.0,4.0,20.0,1360.0
 ,344.0,102.0,1459.0,8.0,6.0,36.0,1349.0
 ,345.0,90.0,1464.0,3.0,1.0,3.0,1371.0
 ,346.0,96.0,1466.0,8.0,2.0,10.0,1362.0
 ,347.0,55.0,1469.0,3.0,3.0,5.0,1411.0
 ,348.0,56.0,1474.0,3.0,2.0,4.0,1415.0
 ,349.0,72.0,1476.0,6.0,2.0,11.0,1398.0
 ,350.0,51.0,1478.0,2.0,3.0,5.0,1425.0
 ,351.0,54.0,1479.0,4.0,2.0,7.0,1421.0
 ,352.0,101.0,1485.0,1.0,1.0,1.0,1383.0
 ,353.0,102.0,1490.0,2.0,1.0,2.0,1386.0
 ,354.0,158.0,1491.0,4.0,1.0,4.0,1329.0
 ,355.0,163.0,1491.0,3.0,1.0,3.0,1325.0
 ,356.0,54.0,1502.0,2.0,1.0,2.0,1446.0
 ,357.0,16.0,1505.0,5.0,4.0,13.0,1484.0
 ,358.0,4.0,1526.0,9.0,2.0,12.0,1513.0
 ,359.0,132.0,1531.0,4.0,1.0,4.0,1395.0
 ,360.0,132.0,1533.0,3.0,2.0,4.0,1398.0
 ,361.0,51.0,1537.0,1.0,2.0,2.0,1485.0
 ,362.0,95.0,1537.0,52.0,12.0,469.0,1390.0
 ,363.0,13.0,1538.0,22.0,11.0,173.0,1503.0
 ,364.0,45.0,1539.0,17.0,4.0,36.0,1477.0
 ,365.0,150.0,1542.0,1.0,1.0,1.0,1391.0
 ,366.0,147.0,1544.0,19.0,13.0,180.0,1378.0
 ,367.0,102.0,1552.0,2.0,2.0,3.0,1448.0
 ,368.0,105.0,1553.0,2.0,1.0,2.0,1446.0
 ,369.0,79.0,1561.0,8.0,4.0,20.0,1474.0
 ,370.0,129.0,1561.0,37.0,13.0,360.0,1395.0
 ,371.0,12.0,1568.0,128.0,17.0,1122.0,1428.0
 ,372.0,51.0,1582.0,1.0,1.0,1.0,1530.0
 ,373.0,51.0,1585.0,1.0,1.0,1.0,1533.0
 ,374.0,62.0,1610.0,1.0,1.0,1.0,1547.0
 ,375.0,14.0,1614.0,27.0,11.0,177.0,1573.0
 ,376.0,77.0,1615.0,6.0,2.0,9.0,1532.0
 ,377.0,75.0,1616.0,1.0,2.0,2.0,1540.0
 ,378.0,44.0,1619.0,2.0,1.0,2.0,1573.0
 ,379.0,51.0,1620.0,4.0,2.0,5.0,1565.0
 ,380.0,26.0,1632.0,9.0,3.0,17.0,1597.0
 ,381.0,8.0,1637.0,26.0,15.0,194.0,1603.0
 ,382.0,46.0,1638.0,22.0,16.0,169.0,1570.0
 ,383.0,82.0,1641.0,7.0,4.0,19.0,1552.0
 ,384.0,128.0,1641.0,5.0,3.0,7.0,1508.0
 ,385.0,164.0,1643.0,2.0,1.0,2.0,1477.0
 ,386.0,61.0,1653.0,2.0,1.0,2.0,1590.0
 ,387.0,26.0,1659.0,1.0,1.0,1.0,1632.0
 ,388.0,102.0,1666.0,1.0,4.0,4.0,1563.0
 ,389.0,51.0,1671.0,1.0,1.0,1.0,1619.0
 ,390.0,55.0,1671.0,2.0,1.0,2.0,1614.0
 ,391.0,102.0,1671.0,1.0,1.0,1.0,1568.0
 ,392.0,10.0,1672.0,30.0,12.0,173.0,1632.0
 ,393.0,38.0,1676.0,2.0,1.0,2.0,1636.0
 ,394.0,134.0,1684.0,1.0,1.0,1.0,1549.0
 ,395.0,131.0,1687.0,35.0,11.0,245.0,1521.0
 ,396.0,163.0,1686.0,3.0,1.0,3.0,1520.0
 ,397.0,55.0,1688.0,15.0,8.0,58.0,1618.0
 ,398.0,99.0,1700.0,1.0,1.0,1.0,1600.0
 ,399.0,15.0,1703.0,49.0,14.0,384.0,1639.0
 ,400.0,99.0,1702.0,1.0,1.0,1.0,1602.0
 ,401.0,102.0,1702.0,5.0,3.0,10.0,1595.0
 ,402.0,10.0,1704.0,1.0,1.0,1.0,1693.0
 ,403.0,56.0,1721.0,5.0,2.0,7.0,1660.0
 ,404.0,58.0,1724.0,2.0,1.0,2.0,1664.0
 ,405.0,58.0,1726.0,6.0,2.0,10.0,1662.0
 ,406.0,24.0,1728.0,7.0,2.0,9.0,1697.0
 ,407.0,61.0,1730.0,3.0,1.0,3.0,1666.0
 ,408.0,102.0,1734.0,1.0,1.0,1.0,1631.0
 ,409.0,72.0,1737.0,1.0,1.0,1.0,1664.0
 ,410.0,28.0,1739.0,1.0,1.0,1.0,1710.0
 ,411.0,51.0,1746.0,2.0,2.0,3.0,1693.0
 ,412.0,55.0,1746.0,1.0,1.0,1.0,1690.0
 ,413.0,117.0,1760.0,23.0,9.0,115.0,1620.0
 ,414.0,14.0,1764.0,28.0,12.0,235.0,1722.0
 ,415.0,138.0,1767.0,3.0,1.0,3.0,1626.0
 ,416.0,142.0,1767.0,1.0,1.0,1.0,1624.0
 ,417.0,47.0,1769.0,21.0,12.0,138.0,1701.0
 ,418.0,58.0,1769.0,1.0,1.0,1.0,1710.0
 ,419.0,102.0,1769.0,1.0,1.0,1.0,1666.0
 ,420.0,89.0,1777.0,77.0,21.0,769.0,1611.0
 ,421.0,38.0,1784.0,6.0,2.0,11.0,1740.0
 ,422.0,49.0,1793.0,3.0,2.0,4.0,1741.0
 ,423.0,69.0,1792.0,3.0,2.0,5.0,1720.0
 ,424.0,81.0,1795.0,5.0,3.0,10.0,1709.0
 ,425.0,64.0,1797.0,5.0,2.0,7.0,1728.0
 ,426.0,73.0,1796.0,1.0,1.0,1.0,1722.0
 ,427.0,75.0,1796.0,1.0,1.0,1.0,1720.0
 ,428.0,77.0,1797.0,3.0,1.0,3.0,1717.0
 ,429.0,129.0,1797.0,10.0,1.0,10.0,1658.0
 ,430.0,23.0,1803.0,10.0,4.0,29.0,1770.0
 ,431.0,67.0,1802.0,11.0,4.0,38.0,1724.0
 ,432.0,66.0,1808.0,1.0,1.0,1.0,1741.0
 ,433.0,20.0,1810.0,3.0,2.0,6.0,1787.0
 ,434.0,23.0,1816.0,3.0,2.0,4.0,1790.0
 ,435.0,29.0,1818.0,2.0,1.0,2.0,1787.0
 ,436.0,33.0,1822.0,1.0,1.0,1.0,1788.0
 ,437.0,36.0,1822.0,4.0,2.0,5.0,1782.0
 ,438.0,99.0,1833.0,3.0,1.0,3.0,1731.0
 ,439.0,44.0,1871.0,20.0,12.0,155.0,1807.0
 ,440.0,20.0,1890.0,5.0,2.0,10.0,1865.0
 ,441.0,14.0,1896.0,22.0,13.0,176.0,1860.0
 ,442.0,51.0,1905.0,27.0,12.0,252.0,1827.0
 ,443.0,13.0,1916.0,35.0,13.0,270.0,1868.0
 ,444.0,51.0,1917.0,1.0,1.0,1.0,1865.0
 ,445.0,82.0,1918.0,33.0,13.0,200.0,1803.0
 ,446.0,51.0,1920.0,1.0,1.0,1.0,1868.0
 ,447.0,53.0,1920.0,6.0,2.0,8.0,1861.0
 ,448.0,51.0,1923.0,1.0,1.0,1.0,1871.0
 ,449.0,59.0,1926.0,5.0,2.0,6.0,1862.0
 ,450.0,81.0,1933.0,1.0,1.0,1.0,1851.0
 ,451.0,51.0,1935.0,13.0,11.0,102.0,1871.0
 ,452.0,118.0,1944.0,37.0,7.0,126.0,1789.0
 ,453.0,23.0,1950.0,6.0,1.0,6.0,1921.0
 ,454.0,54.0,1950.0,8.0,1.0,8.0,1888.0
181832_original_S_51_T_6_C_43-17-21_TAMGCaMP_nicard200nM_CNTRLIM_A1_STMapCell1 copy.jpg,1.0,175.0,11.0,42.0,12.0,319.0,206.0
 ,2.0,0.0,83.0,96.0,28.0,1067.0,13.0
 ,3.0,193.0,90.0,24.0,8.0,153.0,127.0
 ,4.0,55.0,95.0,2.0,1.0,2.0,38.0
 ,5.0,178.0,174.0,39.0,11.0,274.0,43.0
 ,6.0,10.0,247.0,68.0,17.0,672.0,169.0
 ,7.0,187.0,279.0,30.0,7.0,171.0,62.0
 ,8.0,33.0,343.0,6.0,1.0,6.0,304.0
 ,9.0,34.0,345.0,8.0,2.0,12.0,303.0
 ,10.0,60.0,367.0,17.0,3.0,31.0,290.0
 ,11.0,130.0,367.0,87.0,14.0,746.0,150.0
 ,12.0,0.0,409.0,47.0,14.0,467.0,362.0
 ,13.0,0.0,434.0,77.0,16.0,842.0,357.0
 ,14.0,192.0,459.0,25.0,11.0,199.0,242.0
 ,15.0,187.0,465.0,3.0,1.0,3.0,275.0
 ,16.0,184.0,469.0,6.0,1.0,6.0,279.0
 ,17.0,184.0,471.0,2.0,1.0,2.0,285.0
 ,18.0,0.0,472.0,88.0,16.0,928.0,384.0
 ,19.0,121.0,480.0,91.0,14.0,907.0,268.0
 ,20.0,128.0,499.0,63.0,14.0,658.0,308.0
 ,21.0,5.0,517.0,69.0,19.0,588.0,443.0
 ,22.0,216.0,521.0,1.0,3.0,3.0,304.0
 ,23.0,120.0,526.0,87.0,13.0,823.0,319.0
 ,24.0,0.0,556.0,64.0,18.0,684.0,492.0
 ,25.0,111.0,563.0,106.0,13.0,1089.0,346.0
 ,26.0,22.0,627.0,62.0,15.0,601.0,543.0
 ,27.0,131.0,627.0,75.0,14.0,593.0,421.0
 ,28.0,0.0,638.0,26.0,10.0,219.0,612.0
 ,29.0,210.0,645.0,7.0,6.0,28.0,428.0
 ,30.0,183.0,696.0,34.0,9.0,229.0,479.0
 ,31.0,34.0,704.0,11.0,6.0,38.0,659.0
 ,32.0,43.0,710.0,40.0,11.0,347.0,627.0
 ,33.0,193.0,750.0,24.0,6.0,115.0,533.0
 ,34.0,28.0,805.0,36.0,11.0,270.0,741.0
 ,35.0,24.0,848.0,57.0,15.0,482.0,767.0
 ,36.0,208.0,884.0,6.0,1.0,6.0,670.0
 ,37.0,216.0,884.0,1.0,1.0,1.0,667.0
 ,38.0,201.0,886.0,16.0,3.0,41.0,669.0
 ,39.0,0.0,922.0,43.0,10.0,331.0,879.0
181832_original_S_51_T_6_C_43-17-21_TAMGCaMP_nicard200nM_CNTRLIM_A1_STMapCell2 copy.jpg,1.0,49.0,4.0,117.0,17.0,1192.0,162.0
 ,2.0,95.0,37.0,38.0,16.0,389.0,96.0
 ,3.0,52.0,43.0,39.0,11.0,294.0,48.0
 ,4.0,76.0,67.0,90.0,21.0,967.0,99.0
 ,5.0,23.0,88.0,64.0,14.0,582.0,1.0
 ,6.0,86.0,120.0,4.0,1.0,4.0,30.0
 ,7.0,102.0,120.0,1.0,2.0,2.0,17.0
 ,8.0,46.0,143.0,1.0,1.0,1.0,96.0
 ,9.0,43.0,142.0,25.0,7.0,104.0,74.0
 ,10.0,69.0,147.0,1.0,1.0,1.0,77.0
 ,11.0,76.0,147.0,5.0,3.0,7.0,66.0
 ,12.0,44.0,168.0,74.0,17.0,724.0,50.0
 ,13.0,64.0,204.0,54.0,15.0,530.0,86.0
 ,14.0,55.0,252.0,75.0,16.0,698.0,122.0
 ,15.0,133.0,261.0,15.0,7.0,66.0,113.0
 ,16.0,158.0,267.0,1.0,2.0,2.0,108.0
 ,17.0,0.0,318.0,1.0,1.0,1.0,317.0
 ,18.0,4.0,318.0,3.0,1.0,3.0,311.0
 ,19.0,43.0,327.0,7.0,2.0,9.0,277.0
 ,20.0,28.0,348.0,133.0,22.0,1211.0,187.0
 ,21.0,51.0,391.0,53.0,14.0,505.0,287.0
 ,22.0,59.0,435.0,65.0,12.0,531.0,311.0
 ,23.0,28.0,442.0,30.0,10.0,231.0,384.0
 ,24.0,55.0,445.0,107.0,27.0,1054.0,283.0
 ,25.0,56.0,471.0,8.0,1.0,8.0,407.0
 ,26.0,51.0,509.0,38.0,11.0,272.0,420.0
 ,27.0,80.0,519.0,58.0,14.0,525.0,381.0
 ,28.0,140.0,524.0,26.0,13.0,266.0,358.0
 ,29.0,0.0,529.0,1.0,1.0,1.0,528.0
 ,30.0,0.0,531.0,9.0,4.0,34.0,522.0
 ,31.0,65.0,549.0,96.0,14.0,891.0,388.0
 ,32.0,27.0,570.0,81.0,21.0,631.0,462.0
 ,33.0,140.0,598.0,16.0,8.0,90.0,442.0
 ,34.0,45.0,612.0,66.0,12.0,596.0,501.0
 ,35.0,107.0,624.0,1.0,1.0,1.0,516.0
 ,36.0,109.0,624.0,1.0,1.0,1.0,514.0
 ,37.0,51.0,639.0,115.0,15.0,1197.0,473.0
 ,38.0,93.0,688.0,26.0,12.0,242.0,569.0
 ,39.0,136.0,703.0,13.0,6.0,62.0,554.0
 ,40.0,64.0,717.0,102.0,14.0,996.0,551.0
 ,41.0,94.0,776.0,62.0,16.0,574.0,620.0
 ,42.0,54.0,806.0,78.0,19.0,768.0,674.0
 ,43.0,22.0,843.0,26.0,8.0,139.0,795.0
 ,44.0,60.0,865.0,72.0,17.0,648.0,733.0
 ,45.0,63.0,877.0,1.0,1.0,1.0,813.0
 ,46.0,106.0,900.0,51.0,13.0,490.0,743.0
 ,47.0,48.0,934.0,118.0,18.0,1138.0,768.0
181832_original_S_51_T_6_C_43-17-21_TAMGCaMP_nicard200nM_secretin500nM_IM2_A1_STMapCell2 copy.jpg,1.0,124.0,1.0,3.0,1.0,3.0,126.0
 ,2.0,105.0,3.0,1.0,1.0,1.0,103.0
 ,3.0,108.0,3.0,1.0,1.0,1.0,106.0
 ,4.0,87.0,5.0,14.0,6.0,45.0,96.0
 ,5.0,123.0,5.0,2.0,1.0,2.0,120.0
 ,6.0,126.0,5.0,1.0,1.0,1.0,122.0
 ,7.0,70.0,21.0,1.0,1.0,1.0,50.0
 ,8.0,104.0,22.0,11.0,9.0,55.0,93.0
 ,9.0,95.0,25.0,2.0,1.0,2.0,72.0
 ,10.0,98.0,24.0,4.0,2.0,5.0,78.0
 ,11.0,106.0,25.0,1.0,1.0,1.0,82.0
 ,12.0,43.0,31.0,66.0,13.0,571.0,78.0
 ,13.0,109.0,34.0,1.0,1.0,1.0,76.0
 ,14.0,114.0,34.0,3.0,1.0,3.0,83.0
 ,15.0,114.0,51.0,15.0,10.0,77.0,78.0
 ,16.0,152.0,56.0,4.0,1.0,4.0,100.0
 ,17.0,160.0,61.0,6.0,3.0,8.0,105.0
 ,18.0,118.0,63.0,11.0,1.0,11.0,66.0
 ,19.0,130.0,63.0,1.0,1.0,1.0,68.0
 ,20.0,103.0,65.0,3.0,1.0,3.0,41.0
 ,21.0,121.0,68.0,4.0,1.0,4.0,57.0
 ,22.0,102.0,85.0,8.0,2.0,15.0,25.0
 ,23.0,102.0,105.0,2.0,2.0,3.0,1.0
 ,24.0,164.0,105.0,2.0,3.0,4.0,61.0
 ,25.0,109.0,106.0,14.0,4.0,35.0,17.0
 ,26.0,102.0,113.0,1.0,2.0,2.0,10.0
 ,27.0,119.0,112.0,2.0,2.0,4.0,9.0
 ,28.0,105.0,115.0,1.0,1.0,1.0,9.0
 ,29.0,102.0,141.0,2.0,1.0,2.0,37.0
 ,30.0,88.0,142.0,4.0,1.0,4.0,50.0
 ,31.0,117.0,161.0,11.0,3.0,23.0,33.0
 ,32.0,102.0,162.0,8.0,3.0,16.0,52.0
 ,33.0,111.0,163.0,2.0,1.0,2.0,50.0
 ,34.0,157.0,162.0,1.0,1.0,1.0,4.0
 ,35.0,112.0,177.0,8.0,7.0,37.0,57.0
 ,36.0,57.0,179.0,1.0,1.0,1.0,121.0
 ,37.0,29.0,181.0,97.0,21.0,923.0,55.0
 ,38.0,150.0,184.0,4.0,1.0,4.0,30.0
 ,39.0,89.0,198.0,2.0,1.0,2.0,107.0
 ,40.0,117.0,216.0,5.0,1.0,5.0,94.0
 ,41.0,125.0,216.0,2.0,1.0,2.0,89.0
 ,42.0,113.0,241.0,6.0,4.0,12.0,122.0
 ,43.0,112.0,245.0,3.0,1.0,3.0,130.0
 ,44.0,85.0,247.0,1.0,1.0,1.0,161.0
 ,45.0,113.0,252.0,17.0,8.0,72.0,122.0
 ,46.0,63.0,260.0,1.0,2.0,2.0,196.0
 ,47.0,115.0,261.0,3.0,1.0,3.0,143.0
 ,48.0,119.0,261.0,6.0,1.0,6.0,136.0
 ,49.0,63.0,263.0,1.0,3.0,3.0,199.0
 ,50.0,163.0,296.0,3.0,2.0,4.0,130.0
 ,51.0,56.0,302.0,8.0,3.0,14.0,238.0
 ,52.0,108.0,302.0,5.0,1.0,5.0,189.0
 ,53.0,161.0,302.0,5.0,1.0,5.0,136.0
 ,54.0,109.0,304.0,23.0,4.0,59.0,172.0
 ,55.0,115.0,309.0,1.0,2.0,2.0,193.0
 ,56.0,121.0,314.0,8.0,1.0,8.0,185.0
 ,57.0,104.0,317.0,1.0,1.0,1.0,212.0
 ,58.0,108.0,317.0,7.0,2.0,11.0,202.0
 ,59.0,125.0,316.0,3.0,2.0,5.0,188.0
 ,60.0,46.0,327.0,57.0,13.0,506.0,224.0
 ,61.0,99.0,340.0,2.0,1.0,2.0,239.0
 ,62.0,102.0,345.0,1.0,1.0,1.0,242.0
 ,63.0,105.0,345.0,6.0,2.0,10.0,234.0
 ,64.0,120.0,344.0,1.0,1.0,1.0,223.0
 ,65.0,124.0,354.0,6.0,2.0,9.0,224.0
 ,66.0,111.0,357.0,22.0,7.0,90.0,224.0
 ,67.0,130.0,357.0,4.0,1.0,4.0,223.0
 ,68.0,97.0,358.0,5.0,1.0,5.0,256.0
 ,69.0,153.0,358.0,9.0,2.0,16.0,196.0
 ,70.0,102.0,361.0,1.0,1.0,1.0,258.0
 ,71.0,108.0,360.0,3.0,1.0,3.0,249.0
 ,72.0,124.0,366.0,2.0,1.0,2.0,240.0
 ,73.0,129.0,375.0,5.0,2.0,7.0,241.0
 ,74.0,122.0,376.0,4.0,2.0,5.0,250.0
 ,75.0,112.0,387.0,6.0,2.0,8.0,269.0
 ,76.0,117.0,404.0,1.0,1.0,1.0,286.0
 ,77.0,102.0,406.0,1.0,1.0,1.0,303.0
 ,78.0,102.0,410.0,24.0,11.0,75.0,284.0
 ,79.0,71.0,412.0,6.0,2.0,8.0,335.0
 ,80.0,95.0,415.0,1.0,1.0,1.0,319.0
 ,81.0,111.0,414.0,3.0,1.0,3.0,300.0
 ,82.0,75.0,417.0,3.0,2.0,3.0,339.0
 ,83.0,130.0,416.0,2.0,1.0,2.0,284.0
 ,84.0,132.0,419.0,6.0,2.0,9.0,281.0
 ,85.0,43.0,420.0,4.0,1.0,4.0,373.0
 ,86.0,114.0,421.0,1.0,1.0,1.0,306.0
 ,87.0,150.0,425.0,11.0,2.0,13.0,264.0
 ,88.0,122.0,426.0,2.0,1.0,2.0,302.0
 ,89.0,117.0,429.0,2.0,1.0,2.0,310.0
 ,90.0,102.0,432.0,2.0,1.0,2.0,328.0
 ,91.0,115.0,432.0,1.0,1.0,1.0,316.0
 ,92.0,102.0,437.0,2.0,1.0,2.0,333.0
 ,93.0,106.0,437.0,1.0,1.0,1.0,330.0
 ,94.0,111.0,456.0,10.0,2.0,15.0,335.0
 ,95.0,108.0,459.0,18.0,2.0,30.0,333.0
 ,96.0,102.0,461.0,3.0,2.0,4.0,356.0
 ,97.0,110.0,462.0,15.0,10.0,84.0,337.0
 ,98.0,156.0,465.0,8.0,3.0,13.0,301.0
 ,99.0,165.0,466.0,1.0,1.0,1.0,300.0
 ,100.0,157.0,469.0,9.0,3.0,22.0,303.0
 ,101.0,70.0,471.0,1.0,1.0,1.0,400.0
 ,102.0,79.0,471.0,1.0,1.0,1.0,391.0
 ,103.0,81.0,471.0,1.0,1.0,1.0,389.0
 ,104.0,129.0,470.0,8.0,2.0,12.0,333.0
 ,105.0,128.0,499.0,1.0,1.0,1.0,370.0
 ,106.0,123.0,502.0,3.0,1.0,3.0,376.0
 ,107.0,126.0,504.0,5.0,2.0,7.0,373.0
 ,108.0,117.0,507.0,3.0,2.0,4.0,387.0
 ,109.0,109.0,510.0,13.0,3.0,33.0,388.0
 ,110.0,111.0,514.0,16.0,5.0,24.0,387.0
 ,111.0,163.0,516.0,1.0,1.0,1.0,352.0
 ,112.0,109.0,519.0,6.0,1.0,6.0,404.0
 ,113.0,102.0,521.0,3.0,2.0,4.0,416.0
 ,114.0,36.0,522.0,5.0,1.0,5.0,481.0
 ,115.0,121.0,558.0,15.0,4.0,41.0,422.0
 ,116.0,121.0,561.0,2.0,1.0,2.0,438.0
 ,117.0,101.0,564.0,1.0,1.0,1.0,462.0
 ,118.0,117.0,565.0,17.0,6.0,51.0,431.0
 ,119.0,115.0,572.0,11.0,4.0,15.0,446.0
 ,120.0,134.0,579.0,3.0,1.0,3.0,442.0
 ,121.0,120.0,597.0,10.0,7.0,41.0,467.0
 ,122.0,102.0,605.0,3.0,2.0,4.0,500.0
 ,123.0,119.0,606.0,7.0,1.0,7.0,480.0
 ,124.0,117.0,609.0,1.0,1.0,1.0,491.0
 ,125.0,131.0,613.0,4.0,2.0,5.0,478.0
 ,126.0,97.0,615.0,1.0,1.0,1.0,517.0
 ,127.0,99.0,614.0,2.0,2.0,2.0,513.0
 ,128.0,112.0,614.0,2.0,1.0,2.0,500.0
 ,129.0,102.0,617.0,14.0,4.0,40.0,501.0
 ,130.0,125.0,617.0,7.0,2.0,10.0,485.0
 ,131.0,119.0,621.0,4.0,1.0,4.0,498.0
 ,132.0,75.0,635.0,1.0,1.0,1.0,559.0
 ,133.0,156.0,653.0,4.0,1.0,4.0,493.0
 ,134.0,115.0,656.0,1.0,1.0,1.0,540.0
 ,135.0,126.0,657.0,1.0,1.0,1.0,530.0
 ,136.0,107.0,658.0,13.0,5.0,28.0,538.0
 ,137.0,126.0,660.0,1.0,1.0,1.0,533.0
 ,138.0,131.0,661.0,1.0,1.0,1.0,529.0
 ,139.0,130.0,663.0,1.0,1.0,1.0,532.0
 ,140.0,74.0,668.0,6.0,1.0,6.0,588.0
 ,141.0,165.0,669.0,1.0,2.0,2.0,503.0
 ,142.0,0.0,670.0,1.0,1.0,1.0,669.0
 ,143.0,101.0,670.0,1.0,1.0,1.0,568.0
 ,144.0,0.0,672.0,7.0,4.0,20.0,665.0
 ,145.0,120.0,673.0,6.0,3.0,12.0,547.0
 ,146.0,126.0,677.0,1.0,1.0,1.0,550.0
 ,147.0,112.0,679.0,6.0,3.0,12.0,561.0
 ,148.0,119.0,681.0,1.0,1.0,1.0,561.0
 ,149.0,114.0,684.0,2.0,1.0,2.0,568.0
 ,150.0,102.0,686.0,1.0,1.0,1.0,583.0
 ,151.0,107.0,686.0,2.0,1.0,2.0,577.0
 ,152.0,102.0,699.0,2.0,1.0,2.0,595.0
 ,153.0,105.0,699.0,8.0,2.0,9.0,586.0
 ,154.0,92.0,706.0,36.0,12.0,276.0,578.0
 ,155.0,96.0,717.0,10.0,1.0,10.0,611.0
 ,156.0,128.0,716.0,2.0,1.0,2.0,586.0
 ,157.0,113.0,721.0,2.0,2.0,3.0,606.0
 ,158.0,110.0,722.0,1.0,1.0,1.0,611.0
 ,159.0,41.0,725.0,60.0,13.0,408.0,624.0
 ,160.0,38.0,731.0,6.0,3.0,9.0,687.0
 ,161.0,97.0,733.0,3.0,3.0,6.0,633.0
 ,162.0,95.0,734.0,1.0,2.0,2.0,638.0
 ,163.0,69.0,738.0,10.0,3.0,16.0,659.0
 ,164.0,97.0,749.0,6.0,2.0,10.0,646.0
 ,165.0,112.0,761.0,1.0,1.0,1.0,648.0
 ,166.0,90.0,765.0,13.0,3.0,25.0,662.0
 ,167.0,118.0,764.0,1.0,1.0,1.0,645.0
 ,168.0,112.0,766.0,11.0,2.0,17.0,643.0
 ,169.0,163.0,768.0,3.0,3.0,6.0,602.0
 ,170.0,107.0,771.0,19.0,5.0,51.0,645.0
 ,171.0,153.0,771.0,2.0,1.0,2.0,616.0
 ,172.0,160.0,770.0,2.0,1.0,2.0,608.0
 ,173.0,154.0,773.0,3.0,2.0,5.0,616.0
 ,174.0,158.0,772.0,4.0,3.0,9.0,610.0
 ,175.0,144.0,775.0,5.0,3.0,12.0,626.0
 ,176.0,36.0,777.0,4.0,1.0,4.0,737.0
 ,177.0,118.0,777.0,4.0,1.0,4.0,655.0
 ,178.0,139.0,777.0,4.0,1.0,4.0,634.0
 ,179.0,102.0,778.0,2.0,1.0,2.0,674.0
 ,180.0,107.0,778.0,1.0,1.0,1.0,670.0
 ,181.0,123.0,791.0,1.0,1.0,1.0,667.0
 ,182.0,157.0,793.0,9.0,4.0,30.0,627.0
 ,183.0,158.0,798.0,8.0,1.0,8.0,632.0
 ,184.0,113.0,804.0,2.0,1.0,2.0,689.0
 ,185.0,148.0,815.0,1.0,1.0,1.0,666.0
 ,186.0,150.0,814.0,3.0,2.0,4.0,661.0
 ,187.0,74.0,819.0,1.0,1.0,1.0,744.0
 ,188.0,79.0,818.0,1.0,1.0,1.0,738.0
 ,189.0,144.0,818.0,4.0,2.0,6.0,670.0
 ,190.0,150.0,819.0,1.0,1.0,1.0,668.0
 ,191.0,152.0,818.0,1.0,1.0,1.0,665.0
 ,192.0,99.0,823.0,3.0,2.0,4.0,721.0
 ,193.0,103.0,823.0,1.0,1.0,1.0,719.0
 ,194.0,127.0,822.0,1.0,1.0,1.0,694.0
 ,195.0,130.0,822.0,1.0,2.0,2.0,691.0
 ,196.0,132.0,823.0,1.0,1.0,1.0,690.0
 ,197.0,67.0,827.0,11.0,2.0,17.0,749.0
 ,198.0,81.0,826.0,3.0,1.0,3.0,742.0
 ,199.0,99.0,826.0,6.0,3.0,9.0,721.0
 ,200.0,126.0,826.0,5.0,3.0,10.0,695.0
 ,201.0,122.0,828.0,3.0,2.0,4.0,703.0
 ,202.0,117.0,831.0,5.0,2.0,7.0,709.0
 ,203.0,147.0,832.0,2.0,1.0,2.0,683.0
 ,204.0,107.0,835.0,2.0,1.0,2.0,726.0
 ,205.0,102.0,837.0,15.0,2.0,23.0,720.0
 ,206.0,117.0,844.0,8.0,2.0,11.0,719.0
 ,207.0,142.0,844.0,24.0,8.0,107.0,678.0
 ,208.0,70.0,854.0,9.0,3.0,17.0,775.0
 ,209.0,130.0,862.0,4.0,1.0,4.0,728.0
 ,210.0,7.0,865.0,4.0,1.0,4.0,854.0
 ,211.0,9.0,868.0,9.0,2.0,16.0,850.0
 ,212.0,25.0,871.0,2.0,1.0,2.0,844.0
 ,213.0,28.0,871.0,1.0,1.0,1.0,842.0
 ,214.0,119.0,873.0,1.0,1.0,1.0,753.0
 ,215.0,130.0,873.0,3.0,2.0,4.0,740.0
 ,216.0,134.0,872.0,3.0,2.0,6.0,735.0
 ,217.0,96.0,874.0,7.0,3.0,15.0,771.0
 ,218.0,124.0,875.0,3.0,1.0,3.0,748.0
 ,219.0,128.0,874.0,1.0,1.0,1.0,745.0
 ,220.0,128.0,876.0,8.0,3.0,15.0,740.0
 ,221.0,150.0,876.0,2.0,1.0,2.0,724.0
 ,222.0,94.0,878.0,1.0,1.0,1.0,783.0
 ,223.0,119.0,879.0,7.0,1.0,7.0,753.0
 ,224.0,102.0,881.0,1.0,1.0,1.0,778.0
 ,225.0,108.0,881.0,1.0,1.0,1.0,772.0
 ,226.0,130.0,905.0,1.0,1.0,1.0,774.0
 ,227.0,102.0,913.0,3.0,1.0,3.0,808.0
 ,228.0,106.0,917.0,7.0,1.0,7.0,804.0
 ,229.0,157.0,917.0,9.0,6.0,37.0,751.0
 ,230.0,109.0,920.0,1.0,1.0,1.0,810.0
 ,231.0,113.0,920.0,2.0,1.0,2.0,805.0
 ,232.0,102.0,923.0,2.0,1.0,2.0,819.0
 ,233.0,105.0,922.0,5.0,2.0,8.0,812.0
 ,234.0,91.0,924.0,2.0,2.0,3.0,831.0
 ,235.0,131.0,925.0,10.0,6.0,33.0,784.0
 ,236.0,148.0,930.0,10.0,1.0,10.0,772.0
 ,237.0,99.0,935.0,2.0,1.0,2.0,834.0
 ,238.0,87.0,943.0,12.0,5.0,26.0,844.0
 ,239.0,102.0,947.0,1.0,1.0,1.0,844.0
 ,240.0,104.0,947.0,1.0,1.0,1.0,842.0
 ,241.0,138.0,947.0,1.0,2.0,2.0,808.0
 ,242.0,140.0,947.0,1.0,1.0,1.0,806.0
 ,243.0,138.0,954.0,3.0,2.0,4.0,813.0
 ,244.0,97.0,956.0,4.0,2.0,5.0,855.0
 ,245.0,113.0,957.0,2.0,1.0,2.0,842.0
 ,246.0,108.0,963.0,3.0,1.0,3.0,852.0
 ,247.0,124.0,969.0,1.0,1.0,1.0,844.0
 ,248.0,130.0,970.0,1.0,1.0,1.0,839.0
 ,249.0,121.0,972.0,9.0,8.0,42.0,842.0
 ,250.0,113.0,979.0,1.0,1.0,1.0,865.0
181832_original_S_51_T_6_C_43-17-21_TAMGCaMP_nicard200nM_secretin500nM_IM3_A1_STMapCell1 copy.jpg,1.0,63.0,765.0,1.0,1.0,1.0,701.0
 ,2.0,19.0,772.0,58.0,14.0,531.0,695.0
 ,3.0,32.0,849.0,44.0,13.0,411.0,773.0
